:020000040800F2
:10000000D0340020E10100082D8D0008711E000889
:10001000F98A0008DD0E000821A900080000000090
:10002000000000000000000000000000490100087E
:100030008F130008000000008D010008A59400083F
:10004000FB010008FB010008FB010008FB010008A0
:10005000FB010008FB010008FB010008FB01000890
:10006000FB010008FB010008FB010008FB01000880
:10007000FB010008FB010008FB010008FB01000870
:10008000FB010008FB010008FB010008FB01000860
:10009000FB010008FB010008FB010008FB01000850
:1000A000FB010008FB010008FB010008FB01000840
:1000B0001D990008FB01000859990008FB01000880
:1000C000FB010008FB010008FB010008FB01000820
:1000D000FB010008FB010008FB010008FB01000810
:1000E000FB010008FB010008FB010008FB01000800
:1000F000FB010008FB010008FB010008FB010008F0
:10010000FB010008FB010008FB010008FB010008DF
:10011000FB010008FB010008FB010008FB010008CF
:10012000FB010008FB010008FB010008FB010008BF
:10013000DFF810D000F05AFD0048004725D700082E
:10014000AFF30080D0340020224B19680868B0E873
:10015000F00F80F30988BFF36F8F4FF0000080F33A
:1001600011884EF00D0E7047000000000648006830
:10017000006880F3088862B661B6BFF34F8FBFF3A3
:100180006F8F00DF00BF00BF08ED00E0EFF30980D4
:10019000BFF36F8F0F4B1A6820E9F00F106008B59E
:1001A0004FF0300080F31188BFF34F8FBFF36F8F94
:1001B00011F03CFB4FF0000080F31188BDE80840CF
:1001C00019680868B0E8F00F80F30988BFF36F8FF3
:1001D000704700BF00000020EFF30580704700006B
:1001E0000648804706480047FEE7FEE7FEE7FEE7D1
:1001F000FEE7FEE7FEE7FEE7FEE7FEE7B594000850
:100200003101000840EA01039B0703D009E008C957
:10021000121F08C0042AFAD203E011F8013B00F8CB
:10022000013B521EF9D27047D2B201E000F8012B17
:10023000491EFBD270470022F6E710B513460A4666
:1002400004461946FFF7F0FF204610BD10B5002206
:1002500000E0521C835C8C5CA34201D1002BF8D1DE
:10026000D8B2E1B2401A10BDF0B480EA0102D40F56
:100270004200B2EB410F02D20246084611464A0044
:1002800042D0C30DDDB2C1F3C752AD1A202D35DA0D
:10029000C1F3160141F4000204B15242C5F1200637
:1002A00002FA06F12A411044B3EBD05F23D0C4B167
:1002B000012DA0EBC35009DCF0BC4FF0004202EA74
:1002C000C352DBB200F5000000F015BB400000F1A6
:1002D000807000EBC350A0F1807040EAD1704900FB
:1002E00009E0490841EAC071A0EBC35000F50000E5
:1002F000400800EBC350F0BC00F0F4BA61420122A8
:1003000002EB4101001BF6E7F0BC704781F00041B1
:10031000AAE780F00040A7E780EA010210B502F0EA
:100320000043400022D04A001FD0010E01EB1261B1
:10033000C0F35600C2F3560240F4000042F400023B
:10034000A0FB022000047F39140400D0401C50EAB6
:10035000124001D44000491EC2B20C0604EBD0107A
:10036000401C4008802A02D003E0002010BD20F08D
:100370000100002900DA0020184310BD30B480EAE3
:10038000010202F0004530F0004221F0004013D09D
:1003900090B1C30DD40DC2F31601C0F31600E41AD8
:1003A00041F4000140F400027D34914201D3641C09
:1003B00000E04900002C02DA30BC002070474FF406
:1003C00000000023914201D3891A034340084FEAF9
:1003D0004101F7D151B1914202D14FF0004105E006
:1003E00002D24FF0010101E06FF0010103EBC450B4
:1003F000284430BC00F076BA2DE9FE4F804681EAF1
:100400000300C00F0C46009021F0004123F000458E
:10041000B8EB0200A94105D24046214690461C4651
:100420000B46024623F00040104347D0270DC7F388
:100430000A00C3F30A510290401A019040286BDA77
:10044000C3F3130040F4801B0098924620B10023B0
:10045000D2EB030A63EB0B0B01985946C0F1400243
:10046000504600F00EFA06460D4650465946019A8F
:1004700000F026FA10EB08006141002487EA1152CF
:1004800084EAE7731A4340D0009A62B3019A012AC2
:100490004FEA075215DC001B61EB02014FF00042EE
:1004A00002EA0752CDE90042001C41F580113246B4
:1004B0002B4600F05DFA03B0BDE8F08F40462146C0
:1004C000F9E7001B61EB0201001C41F580130018E5
:1004D0005B412018A2F5001747EB030140EAD570F5
:1004E000B6196D4111E06D084FEA360645EAC07550
:1004F0004FEA0752001B61EB0201001C41F580111D
:1005000049084FEA30000019514132462B4603B0EA
:10051000BDE8F04F00F01DBA009801224000002312
:10052000D0EB020263EBE073009821464FEAE074DF
:10053000B8EB000061EB0401E9E783F000435BE7FF
:1005400081F0004158E72DE9FE4F81EA030404F0F1
:10055000004421F0004100944FF0000B23F00043D1
:1005600050EA01045ED052EA03045BD0C3F30A549C
:10057000C1F30A552C44A4F2F3340194A0FB0254B5
:10058000C1F3130141F48011C3F3130343F4801347
:1005900001FB024400FB034E840A970A44EA81549B
:1005A00047EA8357A4FB076802958D0A05FB078578
:1005B0004FEA932C04FB0C542705029D4FEA065882
:1005C00047EA1637B5EB08056EEB070C870E920E5F
:1005D00047EA811742EA8312A7FB0201B6EB0B013F
:1005E00064EB00042B0D43EA0C335E1844EB1C5003
:1005F000DA465146E7FB0201C5F313044FEA0B3319
:1006000043EA14534FEA0432019C43EA0603A4F17F
:100610000C040294009CCDE900B400F0A9F903B0E9
:10062000BDE8F08F00200146F9E7C10F80EAE070D5
:100630000844CA079623002100F05DB996230022E2
:10064000114600F058B90EB5C10F80EAE0700844B9
:10065000CA07002140F233438DE80E000A460B46DC
:1006600000F086F903B000BD0EB540F233410291AF
:100670000021CDE900110A460B4600F079F903B0DC
:1006800000BD00F0004220F00040C10DC0F3160094
:1006900040F400007F2901DA00207047962903DC2E
:1006A000C1F19601C84001E096398840002AF4D093
:1006B0004042704720F00040C10DC0F3160040F4E6
:1006C00000007F2901DA00207047962903DCC1F180
:1006D0009601C8407047963988407047C1F30A5266
:1006E00010B5C1F3130140F2FF3341F480119A4277
:1006F00001DA002010BD40F233439A42A2F23342A5
:1007000003DC524200F0CCF810BD904010BD00F068
:10071000004230F000400AD0C10D01F56071C0F315
:10072000160042EA0151C2084007114370470020F9
:100730000146704730B5041E71F1000404DB4FF030
:100740000044404264EB0101141E73F1000405DB18
:100750001C464FF00043524263EB04038B4208BF38
:10076000824230BD30B5041E71F1000404DB4FF04D
:100770000044404264EB0101141E73F1000405DBE8
:100780001C464FF00043524263EB0403994208BFFA
:10079000904230BD01F0004330B421F0004150EAF6
:1007A000010206D00A0DA2F56072C1F31301002AFE
:1007B00002DC30BC00207047440F44EAC104C10091
:1007C000E01830BC00EBC25000F08CB8002801DB10
:1007D000C0F10040002901DBC1F1004181427047B6
:1007E000002801DBC0F10040002901DBC1F100411C
:1007F0008842704730B50B46014600202022012474
:1008000009E021FA02F59D4205D303FA02F5491BDE
:1008100004FA02F52844151EA2F10102F1DC30BDF4
:100820002DE9F05F0546002092469B468846064625
:10083000814640241BE0284641464746224600F0B8
:100840002FF853465A46C01A914110D31146184604
:10085000224600F016F82D1A67EB01084F46224693
:100860000120002100F00DF817EB00094E41201E79
:10087000A4F10104DFDC484631462A464346BDE880
:10088000F09F202A04DB203A00FA02F10020704792
:100890009140C2F1200320FA03F3194390407047BE
:1008A000202A04DB203A21FA02F00021704721FAC5
:1008B00002F3D040C2F1200291400843194670472C
:1008C000202A06DBCB17203A41FA02F043EAE07314
:1008D00006E041FA02F3D040C2F120029140084301
:1008E000194670470029A8BF7047401C490008BF3F
:1008F00020F00100704710B4B0FA80FC00FA0CF050
:1009000050EA010404BF10BC704749B1CCF1200487
:1009100021FA04F411FA0CF118BF01212143084314
:10092000A3EB0C01CB1D4FEA00614FEA102042BF40
:10093000002010BC704700EBC35010440029A4BF36
:1009400010BC7047401C490008BF20F0010010BCDB
:10095000704710B5141E73F1000408DA401C41F111
:10096000000192185B411A4301D120F0010010BD33
:100970002DE9F04D92469B4611B1B1FA81F202E0A9
:10098000B0FA80F220329046FFF77BFF04460F4614
:1009900040EA0A0041EA0B0153465A46084313D085
:1009A000114653EA010019D0C8F140025046FFF742
:1009B00077FF05460E46504659464246FFF761FF0F
:1009C000084305D0012004E020463946BDE8F08DFB
:1009D0000020054346EAE0762C4337430A98630536
:1009E000E40AA0EB08000022FD0A44EA47540A305A
:1009F00002D500200146E9E7010510196941DDE94A
:100A0000084500196941BDE8F04DA2E72DE9F04D18
:100A100081EA030404F0004B21F0004514464FF036
:100A2000000A23F0004150EA050220D054EA0102F6
:100A30001DD0C5F30A570246C5F31303C1F31300D3
:100A4000C1F30A5640F4801543F48013A7EB06085F
:100A5000101BD64608F2FD3873EB050002D308F1EF
:100A6000010801E092185B41B8F1000F03DA0020A1
:100A70000146BDE8F08D00204FF480110646844603
:100A80000EE0171B73EB050705D3121B63EB050381
:100A900006434CEA010C49084FEA300092185B41CA
:100AA00050EA0107EDD152EA030012D082EA0400B5
:100AB00083EA0501084305D0101BAB4106D2012291
:100AC000002306E000224FF0004302E06FF0010235
:100AD00053101AEB06004CEB085110EB0A0041EBE7
:100AE0000B01BDE8F04DFFF734BF70B521F00043B6
:100AF00003430CD0C1F30A550024D5EB040564EB85
:100B00000403D617AD1AB34102DB0020014670BDC5
:100B1000201841EB025170BD2DE9F04D00231A461B
:100B20001B1A8A4103DB00200146BDE8F08DC1F3AA
:100B30000A52C1F3130141F480154FF0000BD107A5
:100B400002D100186D41521E0027044640F2FF11E9
:100B5000384601EB620A3E468046024600204FF4CA
:100B60008011FFF79DFEC2197141BB1846EB0100D1
:100B7000B4EB030C75EB000C04D3E41A65EB000531
:100B800017460E46241908F101006D4180463428AD
:100B9000E3DDF91946EB0600091BA84103D24FF02B
:100BA000FF32134601E0002213461BEB070046EB21
:100BB0000A51BDE8F04DFFF7CCBEC1F30A52C1F3B4
:100BC000130140F2FF3341F480119A4202DA00200F
:100BD0000146704740F233439A42A2F2334202DCAC
:100BE0005242FFF75DBEFFF74CBE0000064C074DBA
:100BF00006E0E06840F0010394E8070098471034ED
:100C0000AC42F6D3FFF798FAC0470108E047010865
:100C100070B58C1810F8015B15F0070301D110F8BE
:100C2000013B2A1106D110F8012B03E010F8016BEB
:100C300001F8016B5B1EF9D12B0705D40023521E6E
:100C40000DD401F8013BFAE710F8013BCB1A921CD6
:100C500003E013F8015B01F8015B521EF9D5A142D4
:100C6000D8D3002070BD21B1826842F001028260B9
:100C700003E0826822F001028260704721B182683D
:100C800042F48072826003E0826822F480728260A3
:100C90007047000010B504461248844208D1012173
:100CA000401508F0BFF90021601508F0BBF917E006
:100CB0000D48844208D10121001508F0B3F9002144
:100CC000201508F0AFF90BE00848844208D1012153
:100CD000C80308F0A7F900214FF4004008F0A2F97A
:100CE00010BD00000024014000280140003C0140EC
:100CF000014600208A6802F004020AB1012000E0E7
:100D0000002070470146C86C80B270470246002040
:100D100013680B400BB1012000E000207047014632
:100D200000208A6802F008020AB1012000E00020D9
:100D30007047000030B502460020002350680F4C79
:100D400020400D790C6844EA0524204350609068E7
:100D50000B4C2040D1E902542C434D7944EA450420
:100D600020439060D06A20F470000C7C641EE4B2D2
:100D7000234340EA0350D06230BD0000FFFEF0FF85
:100D8000FDF7F1FFF0B504460D4600200021092DC6
:100D900011DDE068A5F10A0606EB4607072606FA0C
:100DA00007F18843A5F10A0606EB460603FA06F1A9
:100DB0000843E0600CE0206905EB4507072606FACA
:100DC00007F1884305EB450603FA06F10843206165
:100DD000072A0FDA606B561E06EB86071F2606FAF7
:100DE00007F18843561E06EB860605FA06F108430E
:100DF000606322E00D2A0FDA206BD61F06EB860710
:100E00001F2606FA07F18843D61F06EB860605FA69
:100E100006F10843206310E0E06AA2F10D0606EB3C
:100E200086071F2606FA07F18843A2F10D0606EB96
:100E3000860605FA06F10843E062F0BD816841F0DC
:100E400008018160704721B1826842F4A00282608B
:100E500003E0826822F4A00282607047816841F05A
:100E6000040181607047000031E0194800780328D0
:100E700025D1174AD169D068FFF7B2FC0FD81449C1
:100E8000C8681449FFF7A2FC1ED201201049C87699
:100E900088700CF053FD0F480D49C86114E00C49EF
:100EA000C8680D49FFF792FC0ED200200849C876A9
:100EB00088700CF04BFD08480549C86104E000202B
:100EC0000349C8760448C86164200BF00DFACCE7EA
:100ED000783000200000FA440000E64200BFFEE740
:100EE00010B505200BF020FA10BD000010B5002051
:100EF0000F4908600F48006820F0F0000D490860B5
:100F00000846006840F030000860FFF7E9FF002065
:100F10000949C1F8A401FFF7E3FF01200449086073
:100F2000FFF7DEFF00200549C1F8840110BD000075
:100F300084812142041C0140008023420080214220
:100F400008B50121882008F05DF80220ADF8000006
:100F500010208DF8030003208DF8020069460A482E
:100F600000F0F8FA0221084800F0C4FB4FF40070CA
:100F7000ADF800006946054800F0ECFA4FF4007146
:100F8000024800F0B7FB08BD000C0140001C014006
:100F900010B500200F4908600F48006820F0F000ED
:100FA0000D4908600846006840F030000860FFF70F
:100FB00097FF01200949C1F8A401FFF791FF012023
:100FC00004490860FFF78CFF00200549C1F884013F
:100FD00010BD000084812142041C01400080234296
:100FE0000080214270B5054600241648006820F0B4
:100FF000F000144908600846006840F0800008606E
:101000001E200BF091F9002611E000200E49086027
:10101000FFF766FF01200D49C1F884016006040E48
:101020000B48006808B1601CC4B2701CC6B2082E20
:10103000EBDB15B9FFF7ACFF01E0FFF757FF2046E8
:1010400070BD0000041C01408481214200802142C7
:101050002481234270B504461348006820F0F00054
:10106000114908600846006840F030000860002020
:101070000E490860FFF734FF002511E0E0090C4934
:1010800008606006040E01200A49C1F88401FFF7D8
:1010900027FF002005490860FFF722FF681CC5B242
:1010A000082DEBDB70BD0000041C0140848121424F
:1010B000A48123420080214210B50F48006820F02F
:1010C000F0000D4908600846006840F030000860F4
:1010D00001200A4908600A49C1F884011E200BF06A
:1010E00023F9002005490860FFF7FAFE00200449B3
:1010F000C1F8840110BD0000041C0140A4812342FA
:101100000080214210B50D48006820F0F0000B4926
:1011100008600846006840F0300008600120084977
:1011200008601E200BF000F900200649C1F8A40158
:10113000FFF7D6FE01200449086010BD041C0140E1
:101140008481214200802342A481234210B50024DF
:101150001348006820F0F000114908600846006854
:1011600040F08000086001200E4908600E49C1F877
:101170008401FFF7B5FE09E0601CC4B2FA2C03DD60
:10118000FFF7C0FF012010BDFFF7AAFE0548803819
:1011900000680028F0D10549086000BFF3E70000AF
:1011A000041C0140A4812342008021428481214209
:1011B00070B506460D46144629463046FFF706FB35
:1011C00001D2284670BD21463046FFF709FB01D207
:1011D0002046F7E73046F5E721B1026842F0010208
:1011E000026004E002684FF6FE731A400260704726
:1011F00001684FF6FE7211400160002101604160FC
:101200008160C1604B49884208D14A490839496820
:1012100041F00F01474A083A51608AE045491431CC
:10122000884208D143490839496841F0F001414AF0
:10123000083A51607DE03F492831884208D13D4954
:101240000839496841F470613A4A083A516070E0DF
:1012500038493C31884208D136490839496841F457
:101260007041344A083A516063E032495031884253
:1012700008D130490839496841F470212D4A083AAB
:10128000516056E02B496431884208D12949083918
:10129000496841F47001274A083A516049E02549FC
:1012A0007831884208D123490839496841F0706192
:1012B000204A083A51603CE01F49884206D1011F8C
:1012C000096841F00F01021F116032E01A49143120
:1012D000884208D11849091F096841F0F001164AEF
:1012E000121F116025E014492831884208D11249A3
:1012F000091F096841F470610F4A121F116018E05C
:101300000D493C31884208D10B49091F096841F455
:101310007041094A121F11600BE0074950318842A1
:1013200007D10549091F096841F47021024A121FBB
:101330001160704708000240080402401AB10368B7
:101340000B43036002E003688B430360704710B5F2
:101350000022026847F6F0739A430C6A8B682343B5
:101360000C6923434C6923438C692343CC69234391
:101370004C6A23438C6A23431A430260CB68436060
:101380000B6883604B68C36010BD41607047704755
:1013900051B18200A2F1C042126842F00103820002
:1013A000A2F1C042136009E08200A2F1C0421268BB
:1013B000034B1A408300A3F1C0431A60704700003A
:1013C000FEFF0F00D0E901121143C2681143026908
:1013D00011434269114382691143C2691143026A90
:1013E0001143426A1143826A1143C26A1143026B7C
:1013F000114302689200A2F1C0421160816808297D
:101400000BD101688900A1F1C041096841F0400297
:1014100001688900A1F1C0410A60416B0968426B13
:10142000526841EA0211426B926841EA0221426B22
:10143000928941EA0241426B128A41EA0251426BAF
:10144000127D41EA0261426B926911430268521CAB
:101450009200A2F1C0421160C16AB1F5804F1BD168
:10146000816B0968826B526841EA0211826B926853
:1014700041EA0221826B128A41EA0251826B127D9B
:1014800041EA0261826B9269114302689200A2F103
:10149000C042C2F8041107E06FF070420168890091
:1014A000A1F1C041C1F8042170472DE9F041064681
:1014B0000F461546FFF700FE7020FFF7CBFDFFF744
:1014C00045FEF0B2FFF7C6FDFFF740FEFFF7F4FD63
:1014D0007120FFF7BFFDFFF739FE00240BE0691E06
:1014E000A14201D0012100E000210846FFF77AFD6A
:1014F0003855601CC4B2AC42F1DBFFF703FEBDE817
:10150000F0812DE9F04105460E4617464FF00008E0
:10151000FFF7D2FD7020FFF79DFDFFF717FEE8B241
:10152000FFF798FDFFF712FE00240BE0305DFFF798
:1015300091FDFFF70BFE8046B8F1000F00D003E0ED
:10154000601CC4B2BC42F1DB00BFFFF7DBFD4046CC
:10155000BDE8F0812DE9F04102460025002600207B
:1015600000230024002791F803C00CF00F0591F828
:1015700003C00CF0100CBCF1000F03D091F802C0B6
:101580004CEA050591F800C0BCF1000F31D0146899
:1015900000202BE04FF0010C0CFA00F3B1F800C072
:1015A0000CEA03069E4220D183004FF00F0C0CFA88
:1015B00003F7BC4305FA03FC4CEA040491F803C0AA
:1015C000BCF1280F06D14FF0010C0CFA00FCC2F858
:1015D00014C00AE091F803C0BCF1480F05D14FF0E8
:1015E000010C0CFA00FCC2F810C0401C0828D1D332
:1015F0001460B1F800C0BCF1FF0F34DD5468002066
:101600002EE000F1080C4FF0010808FA0CF3B1F8D5
:1016100000C00CEA03069E4221D183004FF00F0C5C
:101620000CFA03F7BC4305FA03FC4CEA040491F8F6
:1016300003C0BCF1280F05D100F1080C08FA0CF822
:10164000C2F8148091F803C0BCF1480F07D100F133
:10165000080C4FF0010808FA0CF8C2F81080401C82
:101660000828CED35460BDE8F08100000146154A39
:10167000881A91421AD009DC1348084480B1B0F5A9
:10168000806F0FD0B0F5006F19D10DE0B0F5806F0D
:101690000ED0B0F5006F0DD0B0F5406F0FD10BE05C
:1016A000042070470820FCE71020FAE72020F8E724
:1016B0004020F6E78020F4E74FF48070F1E7002047
:1016C000EFE700000014014000F8FEBF02460020D2
:1016D00093680B400BB1012000E0002070470246E8
:1016E0000020D3680B400BB1012000E000207047C0
:1016F00041617047016170472DE9F04105460F4691
:101700001646FFF7D9FC2820FFF7A4FCFFF71EFDC3
:101710002812FFF79FFCFFF719FDE8B2FFF79AFCCC
:10172000FFF714FDFFF7C8FC2920FFF793FCFFF734
:101730000DFD00240BE0711EA14201D0012100E04B
:1017400000210846FFF74EFC3855601CC4B2B44275
:10175000F1DBFFF7D7FCBDE8F081000038B50546A6
:10176000002400208DF800008DF8015000BF09E032
:101770009DF800000F49095D0844C0B28DF80000D3
:10178000601CC4B2B82CF3D39DF80000C043401CC9
:10179000C0B28DF80000B822064948F2470000F0B8
:1017A0000BF80222694648F2FF0000F005F800201D
:1017B00038BD0000BA2C01082DE9F04104460E4660
:1017C00017464FF00008FFF777FC2820FFF742FC90
:1017D000FFF7BCFC2012FFF73DFCFFF7B7FCE0B2BF
:1017E000FFF738FCFFF7B2FC00250BE0705DFFF758
:1017F00031FCFFF7ABFC8046B8F1000F00D003E0EE
:10180000681CC5B2BD42F1DB00BFFFF77BFC404660
:10181000BDE8F0812DE9F05F05460E4691469B46F6
:1018200000240FFA89F70320A0EB49000FFA80FA91
:1018300097E00A98002848D0A04643E006EB08024B
:1018400091B22A1990B25A4600F03AFA06EB080211
:1018500091B22A1B90B25A4600F032FA321991B274
:10186000A5EB080290B25A4600F02AFA321B91B258
:10187000A5EB080290B25A4600F022FAA6EB080245
:1018800091B22A1B90B25A4600F01AFAA6EB08024F
:1018900091B22A1990B25A4600F012FA321B91B254
:1018A00005EB080290B25A4600F00AFA321991B2DA
:1018B00005EB080290B25A4600F002FA08F1010066
:1018C0000FFA80F8B845B9DD37E0F21991B22A195C
:1018D00090B25A4600F0F4F9F21991B22A1B90B274
:1018E0005A4600F0EDF9321991B2EA1B90B25A460D
:1018F00000F0E6F9321B91B2EA1B90B25A4600F0B2
:10190000DFF9F21B91B22A1B90B25A4600F0D8F9C7
:10191000F21B91B22A1990B25A4600F0D1F9321B4B
:1019200091B2EA1990B25A4600F0CAF9321991B24E
:10193000EA1990B25A4600F0C3F9BAF1000F05DA7D
:10194000A000801D50440FFA80FA07E0E01B8000E1
:101950000A3050440FFA80FA781E07B2601C04B2B5
:1019600000BFBC427FF765AFBDE8F09F2DE9FF4F98
:1019700085B081468A464FF0000B00200190079801
:10198000A0EB09050898A0EB0A06CDF80C90CDF85D
:1019900008A0002D01DD012705E00DB9002702E0B8
:1019A0004FF0FF376D42002E02DD4FF0010806E0D8
:1019B00016B94FF0000802E04FF0FF387642B5420A
:1019C00001DD2C4600E03446002004901EE0129A0F
:1019D000DDE9021000F074F9AB4401983044019045
:1019E000A34505DDABEB040B0398384480B20390AC
:1019F0000198A04206DD0198001B01900298404426
:101A000080B202900498401C80B20490611C04983B
:101A10008842DCDD09B0BDE8F08F01460C2908D012
:101A2000102902D0182906D101E0082070470C20A7
:101A3000FCE70620FAE70820F8E710B50246012087
:101A400000E050430B1EA1F10104E1B2F9D110BD39
:101A50002DE9FF4F82B080460E469246109C5746B5
:101A60000C2C06D0102C04D0182C02D006B0BDE8E7
:101A7000F08FB1462046E31704EB5373DB10214689
:101A80004FEAE47C04EB5C7C4FEAEC0CA4EBCC0C5E
:101A9000BCF1000F02D04FF0010C01E04FF0000C40
:101AA0006344224604EBD27C4FEA6C0C03FB0CF33C
:101AB000DBB20093A7F12000C7B2002554E00C2C44
:101AC00007D107EB47002B4901EB8000405D0190F7
:101AD00012E0102C05D1284800EB0710405D019062
:101AE0000AE0182C07D107EBC700244901EB80005E
:101AF000405D019000E0B9E74FF0000B2EE0019847
:101B000000F0800028B131464046059A00F0F6F812
:101B100006E0119820B9314640460F9A00F0EEF8E1
:101B200001984006000E0190701C86B2144840884F
:101B3000B04200DC9AE7A6EB0900A0420AD14E466B
:101B400008F101001FFA80F80D480088404500DCCC
:101B50008CE706E00BF1010000F0FF0BBBF1080F72
:101B6000CDDB00BF681CC5B200988542A7DB00BF73
:101B70007CE70000862D0108FA310108EA370108E8
:101B8000103000202DE9FF4F87B015461E46DDE9D5
:101B90001689149F3846FFF740FF824600200690C2
:101BA00007980490002D10DACDE90179CDF8008076
:101BB0002D22159BDDE90701FFF74AFF04985044E9
:101BC00080B204906842059000E00595002437E05B
:101BD000301B401EC1B20A20FFF72FFF0599B1FB51
:101BE000F0F00A21B0FBF1F201FB120B0698A8B944
:101BF000701EA04212DDBBF1000F0DD1CDE90179BD
:101C0000CDF8008004990AFB041188B22022159BAC
:101C10000899FFF71DFF11E0012006900BF130013C
:101C2000CAB2CDE90179CDF8008004990AFB04110C
:101C300088B2159B0899FFF70BFF00BF601CC4B268
:101C4000B442C5DB0BB0BDE8F08F2DE9FF4F84B087
:101C500004460E461546DDE913B8DDE911A7DDF8A7
:101C60005490E0B2039008EB04001FFA80F809EBEF
:101C700006001FFA80F918E0444502DB039CF019C6
:101C800086B24E4500DB16E0CDE9017BCDF800A021
:101C90002A7831462046079BFFF7DAFE384607EBE5
:101CA000D07104EB61018CB26D1C28787E2802DCB7
:101CB00028782028E0DA00BF08B0BDE8F08F0000E7
:101CC00070B506460C4615460A480088B04203DD4A
:101CD00008484088A04200DC70BD2146304606F02E
:101CE00007FE0448008904490880881C058000BF5D
:101CF000F2E7000010300020FE07006C10B55A4BD0
:101D00009B8849F24134A3420BD0574B9B8845F244
:101D10001034A34205D0544B9B8849F28844A34217
:101D200012D1514B5B89514C23800312A41C238098
:101D3000C3B223804C4B9B89A41E23800B12A41C8E
:101D40002380CBB2238087E0474B9B8845F2105419
:101D5000A3421ED1444B5B89444C23800312A41C34
:101D60002380414B5B895B1CA41E2380C3B2A41C4F
:101D700023803D4B9B89A41E23800B12A41C23802F
:101D8000394B9B895B1CA41E2380CBB2A41C2380EF
:101D900062E0354B9B8841F66314A34222D1324B5B
:101DA0009B7923B9304B1B885B1E1B1A98B22E4BB4
:101DB0005B892E4C23800312A41C2380C3B2238092
:101DC00003122380C3B22380274B9B89A41E238048
:101DD0000B12A41C2380CBB223800B122380CBB226
:101DE000238039E0204B9B8846F60404A3421BD194
:101DF0001D4B9B79012B04D11B4B1B885B1E1B1AAF
:101E000098B2194B5B89194C23800312A41C2380C0
:101E1000C3B22380144B9B89A41E23800B12A41CE5
:101E20002380CBB2238017E00F4B9B79012B04D189
:101E30000D4B1B885B1E1B1A98B200BF0A4B5B89B7
:101E40000A4C2380A31C188000BF00BF064B9B894F
:101E50002380A31C198000BF034B1B89034C2380E4
:101E6000A31C1A8010BD000010300020FE07006C7B
:101E700000BFFEE710B54FF4407006F09DFF0AF07A
:101E800005FA0AF0FBF964230022472140F2E7300B
:101E900008F00EFB0BF022FD00214FF6FF7008F05A
:101EA0006BFB0D4806F022FE0C4806F01FFE0BF0FF
:101EB0008DF90BF079F90BF00DFC09488168884722
:101EC000C8200AF011FA0BF073FEC8200AF00CFAD1
:101ED0000AF046F810BD0000B8000020C000002045
:101EE0001802002021B1028842F00102028004E0C1
:101EF00002884FF6FE731A400280704710B5044600
:101F00000B48844209D10121480507F06BF80021F4
:101F10004FF4001007F066F808E00121880507F08B
:101F200061F800214FF4800007F05CF810BD00005C
:101F3000005400402DE9F0418046D8F80040D8F820
:101F40000460B8F808000BF048F80546B8F80A0035
:101F50000BF043F8074600BFA148844206D1002099
:101F6000A04A02EB8501C1F880013AE09E48844214
:101F700006D100209D4A02EB8501C1F8800130E0C6
:101F80009B48844206D100209A4A02EB8501C1F8A1
:101F9000800126E09848844206D10020974A02EB4F
:101FA0008501C1F880011CE09548844206D10020DB
:101FB000944A02EB8501C1F8800112E09248844204
:101FC00006D10020914A02EB8501C1F8800108E0AA
:101FD0008F48844205D100208E4A02EB8501C1F86A
:101FE000800100BF00BF082F0CDA3068BA000F2153
:101FF0009140884330603068BA0003219140084323
:1020000030600FE07068A7F108018A000F2191404D
:10201000884370607068A7F108018A00032191402D
:102020000843706000BF00BF6D48864206D10020A3
:102030006C4A02EB8701C1F880013AE06A488642A7
:1020400006D10020694A02EB8701C1F8800130E027
:102050006748864206D10020664A02EB8701C1F834
:10206000800126E06448864206D10020634A02EBE4
:102070008701C1F880011CE06148864206D100203A
:10208000604A02EB8701C1F8800112E05E48864297
:1020900006D100205D4A02EB8701C1F8800108E00B
:1020A0005B48864205D100205A4A02EB8701C1F8FD
:1020B000800100BF02200AF037F900BF484884427F
:1020C00006D10120474A02EB8501C1F880013AE0C0
:1020D0004548844206D10120444A02EB8501C1F8FB
:1020E000800130E04248844206D10120414A02EB9F
:1020F0008501C1F8800126E03F48844206D10120D5
:102100003E4A02EB8501C1F880011CE03C48844254
:1021100006D101203B4A02EB8501C1F8800112E0A3
:102120003948844206D10120384A02EB8501C1F8C2
:10213000800108E03648844205D10120354A02EB8F
:102140008501C1F8800100BF02200AF0EDF800BF50
:102150002348844206D10020224A02EB8501C1F8BF
:1021600080013AE02048844206D100201F4A02EB59
:102170008501C1F8800130E01D48844206D100206D
:102180001C4A02EB8501C1F8800126E01A4884420E
:1021900006D10020194A02EB8501C1F880011CE03C
:1021A0001748844206D10020164A02EB8501C1F887
:1021B000800112E01448844206D10020134A02EB49
:1021C0008501C1F8800108E01148844205D1002052
:1021D000104A02EB8501C1F8800100BFBDE8F08123
:1021E0000008014000002142000C01400080214213
:1021F00000100140000022420014014000802242F1
:102200000018014000002342001C014000802342CE
:1022100000200140000024422DE9F04385B004462F
:102220000D460026B1460427DFF8CC80A6884FF67D
:10223000C0700640684606F005FFDDF808802F48AC
:10224000B8FBF0F01FFA80F946EA0906A68020885C
:102250004FF6FE71084020800026294928688842F0
:102260000CD828684000B8FBF0F087B2042F00DAE1
:1022700004273E4309F10100208427E0E8884BF65B
:10228000FF71884206D1286800EB4000B8FBF0F0EF
:1022900087B209E0286800EBC00101EB0010B8FB31
:1022A000F0F087B247F48047C7F30B0008B947F056
:1022B000010747F4004006434FF4967009FB00F015
:1022C0004FF47A7190FBF1F0401C2084A6832088A3
:1022D00040F00100208026884FF6F5300640A8889F
:1022E0006989084306432680A889298908432081F3
:1022F00005B0BDE8F083000000127A0040420F00F4
:10230000A08601002DE9F0418046D8F80040D8F8B9
:102310000460B8F808000AF060FE0546B8F80A0044
:102320000AF05BFE074600BFA148844206D10020A8
:10233000A04A02EB8501C1F880013AE09E48844240
:1023400006D100209D4A02EB8501C1F8800130E0F2
:102350009B48844206D100209A4A02EB8501C1F8CD
:10236000800126E09848844206D10020974A02EB7B
:102370008501C1F880011CE09548844206D1002007
:10238000944A02EB8501C1F8800112E09248844230
:1023900006D10020914A02EB8501C1F8800108E0D6
:1023A0008F48844205D100208E4A02EB8501C1F896
:1023B000800100BF00BF082F0CDA3068BA000F217F
:1023C0009140884330603068BA000321914008434F
:1023D00030600FE07068A7F108018A000F2191407A
:1023E000884370607068A7F108018A00032191405A
:1023F0000843706000BF00BF6D48864206D10120CF
:102400006C4A02EB8701C1F880013AE06A488642D3
:1024100006D10120694A02EB8701C1F8800130E052
:102420006748864206D10120664A02EB8701C1F85F
:10243000800126E06448864206D10120634A02EB0F
:102440008701C1F880011CE06148864206D1012065
:10245000604A02EB8701C1F8800112E05E488642C3
:1024600006D101205D4A02EB8701C1F8800108E036
:102470005B48864205D101205A4A02EB8701C1F828
:10248000800100BF022009F04FFF00BF484884428E
:1024900006D10120474A02EB8501C1F880013AE0EC
:1024A0004548844206D10120444A02EB8501C1F827
:1024B000800130E04248844206D10120414A02EBCB
:1024C0008501C1F8800126E03F48844206D1012001
:1024D0003E4A02EB8501C1F880011CE03C48844281
:1024E00006D101203B4A02EB8501C1F8800112E0D0
:1024F0003948844206D10120384A02EB8501C1F8EF
:10250000800108E03648844205D10120354A02EBBB
:102510008501C1F8800100BF022009F005FF00BF5E
:102520002348844206D10020224A02EB8501C1F8EB
:1025300080013AE02048844206D100201F4A02EB85
:102540008501C1F8800130E01D48844206D1002099
:102550001C4A02EB8501C1F8800126E01A4884423A
:1025600006D10020194A02EB8501C1F880011CE068
:102570001748844206D10020164A02EB8501C1F8B3
:10258000800112E01448844206D10020134A02EB75
:102590008501C1F8800108E01148844205D100207E
:1025A000104A02EB8501C1F8800100BFBDE8F0814F
:1025B0000008014000002142000C0140008021423F
:1025C000001001400000224200140140008022421D
:1025D0000018014000002342001C014000802342FB
:1025E00000200140000024422DE9F84F8146884632
:1025F0009246D9F80050D9F80440B9F808000AF01A
:10260000ECFC0646B9F80A000AF0E7FC07464FF072
:10261000000B002088F8000000BF082F0CDA2068AB
:10262000BA000F219140884320602068BA00082139
:102630009140084320600FE06068A7F108018A001C
:102640000F219140884360606068A7F108018A000B
:10265000082191400843606000BF4FF0000BEBE0A1
:1026600000BF7D48854206D100207C4A02EB8601EE
:10267000C1F880013AE07A48854206D10020794AC3
:1026800002EB8601C1F8800130E07748854206D12F
:102690000020764A02EB8601C1F8800126E07448EA
:1026A000854206D10020734A02EB8601C1F8800101
:1026B0001CE07148854206D10020704A02EB860179
:1026C000C1F8800112E06E48854206D100206D4AB3
:1026D00002EB8601C1F8800108E06B48854205D114
:1026E00000206A4A02EB8601C1F8800100BF022087
:1026F00009F01AFE00BF5848854206D10120574A0A
:1027000002EB8601C1F880013AE05548854206D1C6
:102710000120544A02EB8601C1F8800130E05248A2
:10272000854206D10120514A02EB8601C1F88001A1
:1027300026E04F48854206D101204E4A02EB860131
:10274000C1F880011CE04C48854206D101204B4A6B
:1027500002EB8601C1F8800112E04948854206D1AA
:102760000120484A02EB8601C1F8800108E0464892
:10277000854205D10120454A02EB8601C1F880015E
:1027800000BF98F800004006000E88F8000000BF67
:102790003148844206D1314901EB8700D0F800016D
:1027A00000903AE02E48844206D12E4901EB870082
:1027B000D0F80001009030E02B48844206D12B492C
:1027C00001EB8700D0F80001009026E02848844201
:1027D00006D1284901EB8700D0F8000100901CE0E9
:1027E0002548844206D1254901EB8700D0F8000135
:1027F000009012E02248844206D1224901EB870072
:10280000D0F80001009008E01F48844205D11F491C
:1028100001EB8700D0F80001009000BF009820B1C4
:1028200098F80000401C88F80000012009F07CFDA9
:102830000BF1010000F0FF0BBBF1080FFFF610AF2A
:10284000BAF1000F03D04846FFF774FB02E0484698
:10285000FFF758FDBDE8F88F000801400000214255
:10286000000C014000802142001001400000224283
:102870000014014000802242001801400000234261
:10288000001C01400080234200200140000024423F
:102890002DE9F04780468946D8F80050D8F8044022
:1028A000B8F808000AF099FB0646B8F80A000AF0E2
:1028B00094FB074600BF082F0CDA2068BA000F21EE
:1028C0009140884320602068BA000321914008436A
:1028D00020600FE06068A7F108018A000F21914095
:1028E000884360606068A7F108018A000321914075
:1028F0000843606000BF00BFBF48854206D100208A
:10290000BE4A02EB8601C1F880013AE0BC4885422C
:1029100006D10020BB4A02EB8601C1F8800130E0FD
:10292000B948854206D10020B84A02EB8601C1F8B9
:10293000800126E0B648854206D10020B54A02EB68
:102940008601C1F880011CE0B348854206D1002011
:10295000B24A02EB8601C1F8800112E0B04885421C
:1029600006D10020AF4A02EB8601C1F8800108E0E1
:10297000AD48854205D10020AC4A02EB8601C1F882
:10298000800100BF4FF0000A30E14FEAD91090B348
:1029900000BF9948844206D10120984A02EB870182
:1029A000C1F880013BE09648844206D10120954A57
:1029B00002EB8701C1F8800131E09348844206D1DF
:1029C0000120924A02EB8701C1F8800127E090487C
:1029D000844206D101208F4A02EB8701C1F88001B1
:1029E0001DE08D48844207D101208C4A02EB87010B
:1029F000C1F8800113E013E08948844206D1012028
:102A0000884A02EB8701C1F8800108E086488442C9
:102A100005D10120854A02EB8701C1F8800146E01B
:102A200000BF7548844206D10020744A02EB87013A
:102A3000C1F880013AE07248844206D10020714A10
:102A400002EB8701C1F8800130E06F48844206D173
:102A500000206E4A02EB8701C1F8800126E06C4835
:102A6000844206D100206B4A02EB8701C1F8800145
:102A70001CE06948844206D10020684A02EB8701C5
:102A8000C1F8800112E06648844206D10020654A00
:102A900002EB8701C1F8800108E06348844205D158
:102AA0000020624A02EB8701C1F8800100BF4FEAB3
:102AB00049604FEA1069022009F036FC00BF4E4819
:102AC000854206D101204D4A02EB8601C1F8800102
:102AD0003AE04B48854206D101204A4A02EB860182
:102AE000C1F8800130E04848854206D10120474ABC
:102AF00002EB8601C1F8800126E04548854206D1F7
:102B00000120444A02EB8601C1F880011CE04248E2
:102B1000854206D10120414A02EB8601C1F88001BD
:102B200012E03F48854206D101203E4A02EB860171
:102B3000C1F8800108E03C48854205D101203B4AAC
:102B400002EB8601C1F8800100BF022009F0ECFB16
:102B500000BF2948854206D10020284A02EB8601A1
:102B6000C1F880013AE02648854206D10020254A76
:102B700002EB8601C1F8800130E02348854206D18E
:102B80000020224A02EB8601C1F8800126E020489D
:102B9000854206D100201F4A02EB8601C1F8800160
:102BA0001CE01D48854206D100201C4A02EB86012C
:102BB000C1F8800112E01A48854206D10020194A66
:102BC00002EB8601C1F8800108E01748854205D173
:102BD0000020164A02EB8601C1F8800100BF0220E6
:102BE00009F0A2FB0AF1010000F0FF0ABAF1080F98
:102BF000FFF6CBAEBDE8F08700080140000021429F
:102C0000000C0140008021420010014000002242DF
:102C100000140140008022420018014000002342BD
:102C2000001C01400080234200200140000024429B
:102C30002DE9F0418046D8F80060D8F80440B8F893
:102C400008000AF0CAF90746B8F80A000AF0C5F900
:102C5000054600BF082D0CDA2068AA000F2191401C
:102C6000884320602068AA00032191400843206027
:102C70000FE06068A5F108018A000F2191408843A8
:102C800060606068A5F108018A0003219140084353
:102C9000606000BF00BF9148844206D10120904A85
:102CA00002EB8501C1F880013AE08E48844206D1EA
:102CB00001208D4A02EB8501C1F8800130E08B488C
:102CC000844206D101208A4A02EB8501C1F88001C5
:102CD00026E08848844206D10120874A02EB85011C
:102CE000C1F880011CE08548844206D10120844A55
:102CF00002EB8501C1F8800112E08248844206D1CE
:102D00000120814A02EB8501C1F8800108E07F487B
:102D1000844205D101207E4A02EB8501C1F8800181
:102D200000BF00BF6D48864206D101206C4A02EB0D
:102D30008701C1F880013AE06A48864206D1012045
:102D4000694A02EB8701C1F8800130E0674886429A
:102D500006D10120664A02EB8701C1F8800126E016
:102D60006448864206D10120634A02EB8701C1F81C
:102D700080011CE06148864206D10120604A02EBD6
:102D80008701C1F8800112E05E48864206D1012029
:102D90005D4A02EB8701C1F8800108E05B4886428A
:102DA00005D101205A4A02EB8701C1F8800100BF1A
:102DB000042009F0B9FA00BF4848844206D1002037
:102DC000474A02EB8501C1F880013AE04548844258
:102DD00006D10020444A02EB8501C1F8800130E0B1
:102DE0004248844206D10020414A02EB8501C1F8E5
:102DF000800126E03F48844206D100203E4A02EB93
:102E00008501C1F880011CE03C48844206D10020C5
:102E10003B4A02EB8501C1F8800112E03948844247
:102E200006D10020384A02EB8501C1F8800108E094
:102E30003648844205D10020354A02EB8501C1F8AD
:102E4000800100BF042009F06FFA00BF23488642CA
:102E500006D10020224A02EB8701C1F880013AE046
:102E60002048864206D100201F4A02EB8701C1F8A4
:102E7000800130E01D48864206D100201C4A02EB4A
:102E80008701C1F8800126E01A48864206D1002059
:102E9000194A02EB8701C1F880011CE017488642FD
:102EA00006D10020164A02EB8701C1F8800112E02A
:102EB0001448864206D10020134A02EB8701C1F86C
:102EC000800108E01148864205D10020104A02EB3B
:102ED0008701C1F8800100BFBDE8F0810008014012
:102EE00000002142000C01400080214200100140FE
:102EF00000002242001401400080224200180140DC
:102F000000002342001C01400080234200200140B9
:102F1000000024422DE9F0418046D8F80060D8F83E
:102F20000440B8F808000AF058F80746B8F80A0054
:102F30000AF053F8054600BF082D0CDA2068AA00F5
:102F40000F219140884320602068AA00032191400E
:102F5000084320600FE06068A5F108018A000F2196
:102F60009140884360606068A5F108018A000321F0
:102F700091400843606000BF00BF9148864206D17F
:102F80000020904A02EB8701C1F880013AE08E48A8
:102F9000864206D100208D4A02EB8701C1F88001EC
:102FA00030E08B48864206D100208A4A02EB870136
:102FB000C1F8800126E08848864206D10020874A71
:102FC00002EB8701C1F880011CE08548864206D1EA
:102FD0000020844A02EB8701C1F8800112E0824898
:102FE000864206D10020814A02EB8701C1F88001A8
:102FF00008E07F48864205D100207E4A02EB870127
:10300000C1F8800100BF00BF6D48844206D1002096
:103010006C4A02EB8501C1F880013AE06A488442BB
:1030200006D10020694A02EB8501C1F8800130E039
:103030006748844206D10020664A02EB8501C1F848
:10304000800126E06448844206D10020634A02EBF6
:103050008501C1F880011CE06148844206D100204E
:10306000604A02EB8501C1F8800112E05E488442AB
:1030700006D100205D4A02EB8501C1F8800108E01D
:103080005B48844205D100205A4A02EB8501C1F811
:10309000800100BF042009F047F900BF484886427C
:1030A00006D10120474A02EB8701C1F880013AE0CE
:1030B0004548864206D10120444A02EB8701C1F807
:1030C000800130E04248864206D10120414A02EBAD
:1030D0008701C1F8800126E03F48864206D10120E1
:1030E0003E4A02EB8701C1F880011CE03C48864261
:1030F00006D101203B4A02EB8701C1F8800112E0B2
:103100003948864206D10120384A02EB8701C1F8CE
:10311000800108E03648864205D10120354A02EB9D
:103120008701C1F8800100BF00BF2548844206D155
:103130000120244A02EB8501C1F880013AE02248CF
:10314000844206D10120214A02EB8501C1F88001A9
:1031500030E01F48844206D101201E4A02EB85015F
:10316000C1F8800126E01C48844206D101201B4A98
:1031700002EB8501C1F880011CE01948844206D1A8
:103180000120184A02EB8501C1F8800112E01648BF
:10319000844206D10120154A02EB8501C1F8800165
:1031A00008E01348844205D10120124A02EB850150
:1031B000C1F8800100BF042009F0B6F8BDE8F08135
:1031C0000008014000002142000C01400080214223
:1031D0000010014000002242001401400080224201
:1031E0000018014000002342001C014000802342DF
:1031F00000200140000024422DE9F0478046D8F825
:103200000060D8F80440B8F8080009F0E6FE074668
:10321000B8F80A0009F0E1FE05464FF0000900BFCA
:10322000082D0CDA2068AA000F2191408843206005
:103230002068AA0008219140084320600FE06068E0
:10324000A5F108018A000F21914088436060606801
:10325000A5F108018A00082191400843606000BF81
:1032600000BF9748844206D10120964A02EB8501AF
:10327000C1F880013AE09448844206D10120934A83
:1032800002EB8501C1F8800130E09148844206D10B
:103290000120904A02EB8501C1F8800126E08E48AA
:1032A000844206D101208D4A02EB8501C1F88001DC
:1032B0001CE08B48844206D101208A4A02EB85013A
:1032C000C1F8800112E08848844206D10120874A73
:1032D00002EB8501C1F8800108E08548844205D1F0
:1032E0000120844A02EB8501C1F8800100BF012062
:1032F00009F01AF800BF7248864206D10120714ACF
:1033000002EB8701C1F880013AE06F48864206D19E
:1033100001206E4A02EB8701C1F8800130E06C4861
:10332000864206D101206B4A02EB8701C1F8800179
:1033300026E06948864206D10120684A02EB8701EF
:10334000C1F880011CE06648864206D10120654A2A
:1033500002EB8701C1F8800112E06348864206D182
:103360000120624A02EB8701C1F8800108E0604851
:10337000864205D101205F4A02EB8701C1F8800136
:1033800000BF012008F0D0FF98E009F1010000F033
:10339000FF09B9F1FA0F05DD4046FFF7BBFD01203B
:1033A000BDE8F08700BF4648844205D1454901EB9E
:1033B0008500D0F800A134E04348844205D1434958
:1033C00001EB8500D0F800A12BE04148844205D1F3
:1033D000404901EB8500D0F800A122E03E4884423C
:1033E00005D13E4901EB8500D0F800A119E03C4829
:1033F000844205D13B4901EB8500D0F800A110E0E3
:103400003948844205D1394901EB8500D0F800A143
:1034100007E03748844204D1364901EB8500D0F8F3
:1034200000A100BFBAF1000F48D100BF2448864276
:1034300006D10020234A02EB8701C1F880013AE05F
:103440002148864206D10020204A02EB8701C1F8BC
:10345000800130E01E48864206D100201D4A02EB62
:103460008701C1F8800126E01B48864206D1002072
:103470001A4A02EB8701C1F880011CE01848864215
:1034800006D10020174A02EB8701C1F8800112E043
:103490001548864206D10020144A02EB8701C1F884
:1034A000800108E01248864205D10020114A02EB53
:1034B0008701C1F8800100BF002071E765E70000C7
:1034C0000008014000002142000C01400080214220
:1034D00000100140000022420014014000802242FE
:1034E0000018014000002342001C014000802342DC
:1034F000002001400000244204E00AF0CFF80A2036
:1035000008F0F2FEF9E710B50446204609F0D6FCB3
:1035100010BD10B50446A1882068FEF7D7F810BD8D
:1035200010B50446A179206809F074FD10BD10B5EE
:1035300004462179206809F0BFFD10BD10B504468E
:103540002179206809F0EAFD10BD000092B04FF625
:10355000FF7000F085F909E11020C8210022CDE9B3
:103560000102CDE903104FF6FF704FF4784380A2BB
:10357000142100902320FEF768FB83498868FDF73B
:10358000C6F804460D4680494868FDF7C0F806466F
:1035900032460B467DA105A8CDE9004507F002FBA8
:1035A0001020C8210022CDE90102CDE903104FF619
:1035B000FF701F2305AA3C2100901420FEF745FB55
:1035C0007149C868FDF7A3F8044622460B4676A168
:1035D00005A807F0E7FA1020C8210022CDE9010272
:1035E000CDE903104FF6FF701F2305AA5521009067
:1035F0001420FEF72AFB644800786F4951F8202018
:103600006EA105A807F0CEFA1020C8210022CDE94E
:103610000102CDE903104FF6FF701F2305AA6E21AA
:1036200000901420FEF711FB57484078684951F884
:10363000202068A105A807F0B5FA1020C8210022B3
:10364000CDE90102CDE903104FF6FF701F2305AA53
:10365000872100901420FEF7F8FA4B490869FDF71E
:1036600056F8044622460B4660A105A807F09AFAD0
:103670001020C8210022CDE90102CDE903104FF648
:10368000FF701F2305AAA02100901420FEF7DDFA89
:103690003D494869FDF73BF8044622460B4659A1CF
:1036A00005A807F07FFA1020C8210022CDE9010209
:1036B000CDE903104FF6FF701F2305AAB921009032
:1036C0001420FEF7C2FA54485449097850F82120D2
:1036D00053A105A807F066FA1020C8210022CDE901
:1036E0000102CDE903104FF6FF701F2305AAD22176
:1036F00000901420FEF7A9FA2348006A4FF47A716B
:10370000B0FBF1F422464BA105A807F04BFA1020BC
:10371000C8210022CDE90102CDE903104FF6FF7068
:103720001F2305AAEB2100901420FEF78EFA1648FD
:10373000406A4FF47A71B0FBF1F4224642A105A829
:1037400007F030FA1020C8210022CDE90102CDE9AE
:1037500003104FF6FF701F2305AA4FF482710090EB
:103760001420FEF772FAC82008F0BEFDF4E600004F
:1037700053797374656D204D657373616765283285
:1037800030306D73290000007830002054656D7072
:103790002668756D693A252E3166204320252E3125
:1037A00066202525202000004761733A252E3166CA
:1037B0002070706D202000005004002052616E6760
:1037C00065686F6F644D6F64653A25732020000053
:1037D000600400204D6F746F7253706565644C65B2
:1037E00076656C3A257320200000000057696E64EE
:1037F000537065656450574D3A252E316625252056
:10380000200000004D6F746F7252504D3A252E30DB
:103810006620202020000000680400204C040020C6
:103820004175746F4D6F646553746174653A2573A7
:10383000202000004175746F4D6F6465436E743ACB
:103840002564732020000000436F6F6B696E67452D
:1038500076656E74436E743A256473202000000010
:1038600070B5044600261948058840884543174826
:10387000808846F60401884216D1144880790128D0
:1038800012D10020114988712A2048812B2088817B
:103890000021084605F02CF801200C4988712B20E6
:1038A00048812A20888103E00021084605F020F89D
:1038B0000648008906490880002603E00448801C69
:1038C0000480761CAE42F9D370BD00001030002099
:1038D000FE07006C10B50446002C73D1794988713D
:1038E000F02008804FF4A07048800846808849F294
:1038F0004131884211D07348808846F604018842DD
:103900000BD07048808845F21031884205D06D4850
:10391000808849F28841884220D12C206949088159
:103920002A2048812B2088810846808846F6040199
:1039300088420BD06348808845F21031884205D018
:103940006048808849F28841884206D14FF4A070CF
:103950005C4908804FF4F0704880AEE05948808898
:1039600045F21051884210D14FF43050554908812A
:103970004FF4285048814FF42C5088814FF4F07058
:1039800008804FF44870488097E04E48808841F6A0
:10399000631188420DD12C204A4908812B2048818F
:1039A0002A2088814FF4F07008804FF448704880D6
:1039B00083E02220434908812020488121208881FA
:1039C0007BE0FFE701203F4988714FF4A070088039
:1039D000F02048800846808849F2413188420BD067
:1039E0003848808845F21031884205D035488088B3
:1039F00049F28841884207D12C20324908812A2087
:103A000048812B2088813FE02E48808846F60401BB
:103A1000884207D12C202B4908812B2048812A205D
:103A2000888131E02748808845F21051884210D1C2
:103A30004FF43050234908814FF4285048814FF407
:103A40002C5088814FF4487008804FF4F070488003
:103A50001AE01C48808841F6631188420DD12C2061
:103A6000184908812A2048812B2088814FF448700A
:103A700008804FF4F070488006E022201149088148
:103A800021204881202088810E48808846F6040144
:103A900088420BD00B48808845F21031884205D00F
:103AA0000848808849F28841884206D14FF4F07076
:103AB000044908804FF4A07048800348007804F05F
:103AC000A9FD10BD10300020D801002000B597B02E
:103AD00001214FF4B47005F095FA002016900320F0
:103AE0008DF85A0018208DF85B004CF23370ADF859
:103AF000580016A92348FDF72DFD4FF68070ADF84C
:103B0000580016A92048FDF725FD41F20100ADF847
:103B1000580016A91D48FDF71DFD0121080205F0FA
:103B200041FA01200090002001900F200290002017
:103B300003900490059006900620079000200890BE
:103B40000820099010200A9000200B900C900D90F6
:103B50000E900F904FF48050109000201190129012
:103B60001390CDF850D0009003200290CDF854D09F
:103B700007A8FDF727FC01210620FDF709FC17B077
:103B800000BD000000140140001801400020014069
:103B900010B5322008F0A8FB00BF0020FE490880C5
:103BA000052008F0C1FBFC48801C0088FB49888088
:103BB00000BF08468088FF280ADB084680884FF649
:103BC000FF71884204D0F5488088B0F5134F7DD14D
:103BD000D320F1490880881C0088F0498880EE488D
:103BE000801C00888880EC48801C008888800846FB
:103BF00080884FF6FF7101EA0020E8498880084676
:103C00008088E549891C09880843E449888008467A
:103C1000808849F24131884258D0BF20DE4908806F
:103C2000881C0088DD498880DB48801C00888880EB
:103C3000D948801C00888880D748801C00888880EC
:103C4000084680884FF6FF7101EA0020D34988803A
:103C500008468088D049891C09880843CF49888054
:103C60000846808846F6040188427CD0D420CA49A0
:103C70000880881C0088C9498880C748801C008843
:103C80008880C548801C00888880084680884FF658
:103C9000FF7101EA0020C149888008468088BE493A
:103CA000891C09880843BD4988800846808845F2F8
:103CB0001031884257D04FF45A40B7490880881CC9
:103CC0000088B64988804FF45B4000E04BE0B24981
:103CD0000880881C0088B1498880084680884FF693
:103CE000FF7101EA0020AD4988804FF45C40AA4989
:103CF0000880AA488088891C09880843A7498880C9
:103D000008468088B0F5004F02D145F210508880F7
:103D1000A248808845F21051884224D0A1209E49B3
:103D20000880881C00889D4988809B48801C0088EA
:103D30008880084680884FF6FF7101EA0020974985
:103D40008880084680889449891C098808439349DB
:103D500088800846808845F26171884203D141F627
:103D600063108E4988808D48808849F241318842AD
:103D70007ED1CF20884908800020891C0880C1207E
:103D8000088030200880ED20891E08806420891C6E
:103D90000880032008801220088081200880E82005
:103DA000891E08808520891C0880102008807A20C0
:103DB0000880CB20891E08803920891C08802C208F
:103DC0000880002008803420088002200880F72026
:103DD000891E08802020891C0880EA20891E08800E
:103DE0000020891C08800880C020891E08801B20B4
:103DF000891C0880C120891E08800120891C088038
:103E0000C520891E08803020891C08800880C720B2
:103E1000891E0880B720891C08803620891E0880EA
:103E20004820891C08803A20891E08805520891C5A
:103E30000880B120891E08800020891C08801A2073
:103E40000880B620891E08800A20891C0880A220CC
:103E50000880F220891E08800020891C0880262006
:103E6000891E08800120891C0880E020891E00E04E
:103E70005DE008800F20891C08802A200880282007
:103E80000880082008800E20088008200880542020
:103E90000880A9200880432008800A2008800F207D
:103EA000088000200880088008800880E120891EA2
:103EB00008800020891C08801520088017200880B1
:103EC0000720088011200880062008802B20088009
:103ED000562008803C20088005200880102008809B
:103EE0000F2008803F20088008800F2008802B20AA
:103EF000891E08800020891C088008800120088015
:103F00003F2008802A20891E08800020891C088004
:103F100008800880EF2008801120891E0880782002
:103F200008F0E2F929201C49088004F05ABB1B481C
:103F3000808846F6040188427ED111201649088007
:103F4000142008F0D1F9D020134908800720891CDB
:103F50000880422008801D200880D120891E08800A
:103F60000020891C08801A20088009200880D2209F
:103F7000891E08800120891C088022200880C0201A
:103F8000891E08801020891C08803B2008800020A2
:103F900008800220088003E0FE07006C103000203B
:103FA00011200880C520891E08800320891C0880F4
:103FB000C820891E08800020891C088025200880D0
:103FC0002120088005200880002008800A20088021
:103FD00065200880252008807720088050200880F0
:103FE0000F20088000200880F820891E088001200A
:103FF000891C0880FE20891E08800020891C0880FA
:10400000022008802020891E088036200880082091
:10401000891C08803A20891E08805520891C088048
:104020002B20891E08800020891C08800880012020
:1040300008803F20088000E011E02A20891E0880C7
:104040000020891C0880088001200880DF2008806B
:10405000782008F049F92920FE49088065E7FE48E4
:10406000808845F21031884240F00D85ED20F949F5
:1040700008800120891C0880FE200880EE20891E0F
:104080000880DE20891C088021200880F120891EFC
:1040900008800120891C0880DF20891E08801020EC
:1040A000891C0880C420891E08808F20891C0880F4
:1040B000C620891E08800020891C0880E220088014
:1040C00008800880BF20891E0880AA20891C0880DB
:1040D000B020891E08800D20891C088000200880DF
:1040E0000D20088000200880112008800020088012
:1040F00019200880002008802120088000200880E6
:104100002D200880002008803D20088000200880A5
:104110005D200880002008805D2008800020088045
:10412000B120891E08808020891C0880002008801A
:104130008B200880002008809620088000200880BE
:10414000B220891E08800020891C08800880022077
:104150000880002008800320088000200880B32009
:10416000891E08800020891C08800880088008803B
:1041700008800880088008800880088008800880FF
:1041800008800880088008800880088008800880EF
:104190000880088008800880B420891E08808B2051
:1041A000891C088000200880962008800020088054
:1041B000A120088000200880B520891E08800220E8
:1041C000891C0880002008800320088000200880C7
:1041D0000420088000200880B620891E0880002066
:1041E000891C08800880B720891E08800020891C4F
:1041F000088008803F200880002008805E2008801A
:104200000020088064200880002008808C2008801E
:1042100000200880AC20088000200880DC20088076
:1042200000200880702008800020088090200880EE
:1042300000200880EB20088000200880DC20088017
:1042400000200880B820891E08800020891C088072
:104250000880088008800880088008800880BA20CC
:10426000891E08802420891C08800020088008807E
:104270000880C120891E08802020891C0880002019
:1042800008805420088000200880FF20088000203B
:104290000880C220891E08800A20891C088000200E
:1042A00008800420088000200880C320891E088020
:1042B0003C20891C0880002008803A2008800020CB
:1042C00008803920088000200880372008800020DE
:1042D00008803C20088000200880362008800020CC
:1042E000088032200880002008802F2008800020CD
:1042F00008802C20088000200880292008800020C9
:1043000008802620088000200880242008800020C3
:1043100008802420088000200880232008800020B6
:1043200008803C200880002008803620088000207B
:10433000088032200880002008802F20088000207C
:1043400008802C2008800020088029200880002078
:104350000880262008800020088024200880002073
:104360000880242008800020088023200880002066
:104370000880C420891E08806220891C08800020D3
:104380000880052008800020088084200880002004
:104390000880F02008800020088018200880002075
:1043A0000880A420088000200880182008800020B1
:1043B000088050200880002008800C200880002001
:1043C00008801720088000200880952008800020A1
:1043D0000880F320088000200880E6200880002064
:1043E0000880C520891E08803220891C0880002092
:1043F0000880442008800020088065200880002074
:10440000088076200880002008808820088000200E
:104410000880C620891E08802020891C0880002072
:1044200008801720088000200880012008800020D4
:104430000880C720891E08800020891C0880088009
:1044400008800880C820891E08800020891C0880F8
:10445000088003E0FE07006C103000200880088010
:10446000C920891E08800020891C088008800880D7
:1044700008800880088008800880088008800880FC
:1044800008800880088008800880E020891E088055
:104490001620891C0880002008801C20088000202D
:1044A0000880212008800020088036200880002015
:1044B00008804620088000200880522008800020C4
:1044C000088064200880002008807A20088000206E
:1044D00008808B2008800020088099200880002018
:1044E0000880A820088000200880B92008800020CB
:1044F0000880C420088000200880CA20088000208E
:104500000880D220088000200880D9200880002060
:104510000880E020088000200880F3200880002028
:104520000880E120891E08801620891C0880002050
:1045300008801C200880002008802220088000209D
:104540000880362008800020088045200880002050
:104550000880522008800020088064200880002005
:1045600008807A200880002008808B2008800020A6
:1045700008809920088000200880A820088000205A
:104580000880B920088000200880C420088000200E
:104590000880CA20088000200880D22008800020DF
:1045A0000880D820088000200880E02008800020B3
:1045B0000880F320088000200880E220891E0880FF
:1045C0000520891C0880002008800B20088000201E
:1045D00008801B20088000200880342008800020EC
:1045E000088044200880002008804F200880002098
:1045F0000880612008800020088079200880002041
:1046000008808820088000200880972008800020EB
:104610000880A620088000200880B720088000209D
:104620000880C220088000200880C7200880002061
:104630000880D120088000200880D6200880002033
:104640000880DD20088000200880F32008800020FA
:104650000880E320891E08800520891C088000202E
:1046600008800A200880002008801C200880002084
:104670000880332008800020088044200880002023
:1046800008805020088000200880622008800020D8
:10469000088078200880002008808820088000207A
:1046A00008809720088000200880A620088000202D
:1046B0000880B720088000200880C22008800020E1
:1046C0000880C720088000200880D12008800020B2
:1046D0000880D520088000200880DD200880002088
:1046E0000880F320088000200880E420891E0880CC
:1046F0000120891C088000200880012008800020FB
:10470000088002200880002008802A2008800020DD
:1047100008803C200880002008804B200880002072
:1047200008805D2008800020088074200880002018
:1047300008808420088000200880932008800020C2
:104740000880A220088000200880B3200880002074
:104750000880BE20088000200880C4200880002037
:104760000880CD20088000200880D3200880002009
:104770000880DD20088000200880F32008800020C9
:104780000880E520891E08800020891C0880088098
:1047900008800880022008800020088029200880E6
:1047A000002008803C200880002008804B200880E2
:1047B000002008805D200880002008807420088088
:1047C0000020088084200880002008809320088032
:1047D00000200880A220088000200880B3200880E4
:1047E00000200880BE20088000200880C4200880A7
:1047F00000200880CD20088000200880D320088079
:1048000000200880DC20088000200880F320088039
:1048100000200880E620891E08801120891C08805D
:10482000002008803420088000200880562008805E
:1048300000200880762008800020088077200880EB
:1048400000200880662008800020088088200880DA
:10485000002008809920088000200880BB20088064
:1048600000200880992008800020088066200880A9
:1048700000200880552008800020088055200880EE
:104880000020088045200880002008804320088000
:10489000002008804420088000200880E720891E2E
:1048A00008803220891C088000200880552008805C
:1048B000002008807620088000200880662008807C
:1048C000002008806720088000200880672008807A
:1048D0000020088087200880002008809920088018
:1048E00000200880BB2008800020088099200880D4
:1048F000002008807720088000200880442008805D
:10490000002008805620088000200880232008808E
:10491000002008803320088000200880452008807F
:1049200000200880E820891E08800020891C08805B
:1049300008809920088000200880872008800020B7
:1049400008808820088000200880772008800020C8
:1049500008806620088000200880882008800020C9
:104960000880AA20088000200880BB200880002042
:104970000880992008800020088066200880002098
:1049800008805520088000200880552008800020DD
:1049900008804420088000200880442008800020EF
:1049A00008805520088000200880E920891E0880A2
:1049B000AA20891C08800020088008800880891EA1
:1049C0000880AA20891C0880CF20891E088000202A
:1049D000891C08800880088008800880088008807A
:1049E0000880088008800880088008800880088087
:1049F00008800880F020891E08800020891C08801B
:104A0000502008800020088008800880F320891E3C
:104A100008800020891C0880F920891E0880062053
:104A2000891C088010200880292008800020088028
:104A30003A20891E08805520891C08801120891E73
:104A40000880642007F050FC2920FE4908803520AA
:104A500008800020891C08805120891E0880FF20C2
:104A6000891C08805320891E08802C20891C0880FE
:104A70005520891E08808220891C08802C20891ED0
:104A8000088003F0AEBDF048808845F2105188429E
:104A900041F0778500BF4FF47040EA490880552007
:104AA000891C088000BF00BF4FF20100891E0880EA
:104AB000AA20891C088000BF00BF4FF20200891E97
:104AC00008805220891C088000BF00BF4FF20300FD
:104AD000891E08800820891C088000BF00BF4FF293
:104AE0000400891E08800120891C088000BF00BFC7
:104AF0004FF43040891E08800D20891C088000BFBB
:104B000000BF4BF20100891E08800D20891C08801F
:104B100000BF00BF4BF20200891E08800D20891CD7
:104B2000088000BF00BF4FF43640891E0880342043
:104B3000891C088000BF00BF4BF20160891E0880FD
:104B40003420891C088000BF00BF4BF20260891E20
:104B500008803420891C088000BF00BF4FF431401A
:104B6000891E08800D20891C088000BF00BF4BF201
:104B70000110891E08800D20891C088000BF00BF1D
:104B80004BF20210891E08800D20891C088000BF8E
:104B900000BF4FF43740891E08803420891C0880EC
:104BA00000BF00BF4BF20170891E08803420891CB1
:104BB000088000BF00BF4BF20270891E08803420BD
:104BC000891C088000BF00BF4FF43240891E088056
:104BD0000020891C088000BF00BF4BF20120891E05
:104BE00008800020891C088000BF00BF4BF2022013
:104BF000891E08800020891C088000BF00BF4FF478
:104C00003840891E08802420891C088000BF00BF0E
:104C10004BF60100891E08802420891C088000BFF3
:104C200000BF4BF60200891E08802420891C0880E2
:104C300000BF00BF4FF43F40891E08800120891C3F
:104C4000088000BF00BF4FF43340891E08800F204A
:104C5000891C088000BF00BF4BF20130891E08800C
:104C60000F20891C088000BF00BF4BF20230891E54
:104C700008800F20891C088000BF00BF4FF4394016
:104C8000891E08803420891C088000BF00BF4BF6B5
:104C90000110891E08803420891C088000BF00BFD5
:104CA0004BF60210891E08803420891C088000BF42
:104CB00000BF4FF43540891E08800820891C0880F9
:104CC00000BF00BF4BF20150891E08800820891CDC
:104CD000088000BF00BF4BF20250891E08800820E8
:104CE000891C088000BF00BF4FF44240891E088025
:104CF0000320891C088000BF00BF4FF43A40891E82
:104D000008802420891C088000BF00BF4BF60120CA
:104D1000891E08802420891C088000BF00BF4BF634
:104D20000220891E08802420891C088000BF00BF43
:104D30004FF43C40891E08800020891C088000BF79
:104D400000BF4BF60140891E08807820891C08802E
:104D500000BF00BF4BF60240891E08800020891C5E
:104D6000088000BF00BF4FF43D40891E088000202E
:104D7000891C088000BF00BF4BF60150891E0880C7
:104D80007820891C088000BF00BF4BF60250891EA6
:104D900008800020891C088000BF00BF4FF43E40FF
:104DA000891E08800020891C088000BF00BF4BF6C8
:104DB0000160891E08806420891C088000BF00BF34
:104DC0004FF45140891E08800020891C088000BFD4
:104DD00000BF4DF20110891E08803320891C088015
:104DE00000BF00BF4DF20210891E08800020891C00
:104DF000088000BF00BF4DF20310891E08803420D8
:104E0000891C088000BF00BF4DF20410891E088075
:104E10000020891C088000BF00BF4DF20510891ECC
:104E200008803A20891C088000BF00BF4DF20610A0
:104E3000891E08800020891C088000BF00BF4DF239
:104E4000071003E0FE07006C10300020891E088068
:104E50004A20891C088000BF00BF4DF20810891E3F
:104E600008800020891C088000BF00BF4DF2091097
:104E7000891E08805C20891C088000BF00BF4DF29D
:104E80000A10891E08800020891C088000BF00BF0E
:104E90004DF20B10891E08808120891C088000BFFC
:104EA00000BF4DF20C10891E08800020891C08806C
:104EB00000BF00BF4DF20D10891E0880A620891C7E
:104EC000088000BF00BF4DF20E10891E0880002030
:104ED000891C088000BF00BF4DF20F10891E08809A
:104EE000E520891C088000BF00BF4DF21010891E0C
:104EF00008800120891C088000BF00BF4DF21110FE
:104F0000891E08801320891C088000BF00BF4DF255
:104F10001210891E08800120891C088000BF00BF74
:104F20004DF21310891E08805420891C088000BF90
:104F300000BF4DF21410891E08800120891C0880D2
:104F400000BF00BF4DF21510891E08808220891C09
:104F5000088000BF00BF4DF21610891E0880012096
:104F6000891C088000BF00BF4DF21710891E088001
:104F7000CA20891C088000BF00BF4DF21810891E8E
:104F800008800220891C088000BF00BF4DF2191064
:104F9000891E08800020891C088000BF00BF4DF2D8
:104FA0001A10891E08800220891C088000BF00BFDB
:104FB0004DF21B10891E08800120891C088000BF4B
:104FC00000BF4DF21C10891E08800220891C088039
:104FD00000BF00BF4DF21D10891E08803420891CBF
:104FE000088000BF00BF4DF21E10891E08800220FD
:104FF000891C088000BF00BF4DF21F10891E088069
:105000006720891C088000BF00BF4DF22010891E58
:1050100008800220891C088000BF00BF4DF22110CB
:10502000891E08808420891C088000BF00BF4DF2C3
:105030002210891E08800220891C088000BF00BF42
:105040004DF22310891E0880A420891C088000BF0F
:1050500000BF4DF22410891E08800220891C0880A0
:1050600000BF00BF4DF22510891E0880B720891CA3
:10507000088000BF00BF4DF22610891E0880022064
:10508000891C088000BF00BF4DF22710891E0880D0
:10509000CF20891C088000BF00BF4DF22810891E58
:1050A00008800220891C088000BF00BF4DF2291033
:1050B000891E0880DE20891C088000BF00BF4DF2D9
:1050C0002A10891E08800220891C088000BF00BFAA
:1050D0004DF22B10891E0880F220891C088000BF29
:1050E00000BF4DF22C10891E08800220891C088008
:1050F00000BF00BF4DF22D10891E0880FE20891CC4
:10510000088000BF00BF4DF22E10891E08800320CA
:10511000891C088000BF00BF4DF22F10891E088037
:105120001020891C088000BF00BF4DF23010891E7E
:1051300008800320891C088000BF00BF4DF2311099
:10514000891E08803320891C088000BF00BF4DF2F3
:105150003210891E08800320891C088000BF00BF10
:105160004DF23310891E08806D20891C088000BF15
:1051700000BF4FF45240891E08800020891C08801F
:1051800000BF00BF4DF20120891E08803320891C1A
:10519000088000BF00BF4DF20220891E0880002059
:1051A000891C088000BF00BF4DF20320891E0880C3
:1051B0003420891C088000BF00BF4DF20420891EE6
:1051C00008800020891C088000BF00BF4DF2052028
:1051D000891E08803A20891C088000BF00BF4DF25C
:1051E0000620891E08800020891C088000BF00BF9F
:1051F0004DF20720891E08804A20891C088000BFC4
:1052000000BF4DF20820891E08800020891C0880FC
:1052100000BF00BF4DF20920891E08805C20891C58
:10522000088000BF00BF4DF20A20891E08800020C0
:10523000891C088000BF00BF4DF20B20891E08802A
:105240008120891C088000BF00BF4DF20C20891E00
:1052500008800020891C088000BF00BF4DF20D208F
:10526000891E0880A620891C088000BF00BF4DF25F
:105270000E20891E08800020891C088000BF00BF06
:105280004DF20F20891E0880E520891C088000BF90
:1052900000BF4DF21020891E08800120891C088063
:1052A00000BF00BF4DF21120891E08801320891C09
:1052B000088000BF00BF4DF21220891E0880012027
:1052C000891C088000BF00BF4DF21320891E088092
:1052D0005420891C088000BF00BF4DF21420891E95
:1052E00008800120891C088000BF00BF4DF21520F6
:1052F000891E08808220891C088000BF00BF4DF2F3
:105300001620891E08800120891C088000BF00BF6C
:105310004DF21720891E0880CA20891C088000BF12
:1053200000BF4DF21820891E08800220891C0880C9
:1053300000BF00BF4DF21920891E08800020891C83
:10534000088000BF00BF4DF21A20891E088002208D
:10535000891C088000BF00BF4DF21B20891E0880F9
:105360000120891C088000BF00BF4DF21C20891E4F
:1053700008800220891C088000BF00BF4DF21D205C
:10538000891E08803420891C088000BF00BF4DF2B0
:105390001E20891E08800220891C088000BF00BFD3
:1053A0004DF21F20891E08806720891C088000BFDD
:1053B00000BF4DF22020891E08800220891C088031
:1053C00000BF00BF4DF22120891E08808420891C67
:1053D000088000BF00BF4DF22220891E08800220F5
:1053E000891C088000BF00BF4DF22320891E088061
:1053F000A420891C088000BF00BF4DF22420891E14
:1054000008800220891C088000BF00BF4DF22520C3
:10541000891E0880B720891C088000BF00BF4DF29C
:105420002620891E08800220891C088000BF00BF3A
:105430004DF22720891E0880CF20891C088000BFDC
:1054400000BF4DF22820891E08800220891C088098
:1054500000BF00BF4DF22920891E0880DE20891C74
:10546000088000BF00BF4DF22A20891E088002205C
:10547000891C088000BF00BF4DF22B20891E0880C8
:10548000F220891C088000BF00BF4DF22C20891E2D
:1054900008800220891C088000BF00BF4DF22D202B
:1054A000891E0880FE20891C088000BF00BF4DF2C5
:1054B0002E20891E08800320891C088000BF00BFA1
:1054C0004DF22F20891E08801020891C088000BF03
:1054D00000BF4DF23020891E08800320891C0880FF
:1054E00000BF00BF4DF23120891E08803320891C87
:1054F000088000BF00BF4DF23220891E08800320C3
:10550000891C088000BF00BF4DF23320891E08802F
:105510006D20891C088000BF00BF4FF45340891ED6
:1055200008800020891C088000BF00BF4DF20130B8
:10553000891E08803320891C088000BF00BF4DF2FF
:105540000230891E08800020891C088000BF00BF2F
:105550004DF20330891E08803420891C088000BF6A
:1055600000BF4DF20430891E08800020891C08808D
:1055700000BF00BF4DF20530891E08803A20891C0B
:10558000088000BF00BF4DF20630891E0880002051
:10559000891C088000BF00BF4DF20730891E0880BB
:1055A0004A20891C088000BF00BF4DF20830891EC8
:1055B00008800020891C088000BF00BF4DF2093020
:1055C000891E08805C20891C088000BF00BF4DF246
:1055D0000A30891E08800020891C088000BF00BF97
:1055E0004DF20B30891E08808120891C088000BF85
:1055F00000BF4DF20C30891E08800020891C0880F5
:1056000000BF00BF4DF20D30891E0880A620891C06
:10561000088000BF00BF4DF20E30891E08800020B8
:10562000891C088000BF00BF4DF20F30891E088022
:10563000E520891C088000BF00BF4DF21030891E94
:1056400008800120891C088000BF00BF4DF2113086
:10565000891E08801320891C088000BF00BF4DF2FE
:105660001230891E08800120891C088000BF00BFFD
:105670004DF21330891E08805420891C088000BF19
:1056800000BF4DF21430891E08800120891C08805B
:1056900000BF00BF4DF21530891E08808220891C92
:1056A000088000BF00BF4DF21630891E088001201F
:1056B000891C088000BF00BF4DF21730891E08808A
:1056C000CA20891C088000BF00BF4DF21830891E17
:1056D00008800220891C088000BF00BF4DF21930ED
:1056E000891E08800020891C088000BF00BF4DF281
:1056F0001A30891E08800220891C088000BF00BF64
:105700004DF21B30891E08800120891C088000BFD3
:1057100000BF4DF21C30891E08800220891C0880C1
:1057200000BF00BF4DF21D30891E08803420891C47
:10573000088000BF00BF4DF21E30891E0880022085
:10574000891C088000BF00BF4DF21F30891E0880F1
:105750006720891C088000BF00BF4DF22030891EE1
:1057600008800220891C088000BF00BF4DF2213054
:10577000891E08808420891C088000BF00BF4DF26C
:105780002230891E08800220891C088000BF00BFCB
:105790004DF22330891E0880A420891C088000BF98
:1057A00000BF4DF22430891E08800220891C088029
:1057B00000BF00BF4DF22530891E0880B720891C2C
:1057C000088000BF00BF4DF22630891E08800220ED
:1057D000891C088000BF00BF4DF22730891E088059
:1057E000CF20891C088000BF00BF4DF22830891EE1
:1057F00008800220891C088000BF00BF4DF22930BC
:10580000891E0880DE20891C088000BF00BF4DF281
:105810002A30891E08800220891C088000BF00BF32
:105820004DF22B30891E0880F220891C088000BFB1
:1058300000BF4DF22C30891E08800220891C088090
:1058400000BF00BF4DF22D30891E0880FE20891C4C
:10585000088000BF00BF4DF22E30891E0880032053
:10586000891C088000BF00BF4DF22F30891E0880C0
:105870001020891C088000BF00BF4DF23030891E07
:1058800008800320891C088000BF00BF4DF2313022
:10589000891E08803320891C088000BF00BF4DF29C
:1058A0003230891E08800320891C088000BF00BF99
:1058B0004DF23330891E08806D20891C088000BF9E
:1058C00000BF4FF45440891E08800020891C0880C6
:1058D00000BF00BF4DF20140891E08803320891CA3
:1058E000088000BF00BF4DF20240891E08800020E2
:1058F000891C088000BF00BF4DF20340891E08804C
:105900003420891C088000BF00BF4DF20440891E6E
:1059100008800020891C088000BF00BF4DF20540B0
:10592000891E08803A20891C088000BF00BF4DF204
:105930000640891E08800020891C088000BF00BF27
:105940004DF20740891E08804A20891C088000BF4C
:1059500000BF4DF20840891E08800020891C088085
:1059600000BF00BF4DF20940891E08805C20891CE1
:10597000088000BF00BF4DF20A40891E0880002049
:10598000891C088000BF00BF4DF20B40891E0880B3
:105990008120891C088000BF00BF4DF20C40891E89
:1059A00008800020891C088000BF00BF4DF20D4018
:1059B000891E0880A620891C088000BF00BF4DF208
:1059C0000E40891E08800020891C088000BF00BF8F
:1059D0004DF20F40891E0880E520891C088000BF19
:1059E00000BF4DF21040891E08800120891C0880EC
:1059F00000BF00BF4DF21140891E08801320891C92
:105A0000088000BF00BF4DF21240891E08800120AF
:105A1000891C088000BF00BF4DF21340891E08801A
:105A20005420891C088000BF00BF4DF21440891E1D
:105A300008800120891C088000BF00BF4DF215407E
:105A4000891E08808220891C088000BF00BF4DF29B
:105A50001640891E08800120891C088000BF00BFF5
:105A60004DF21740891E0880CA20891C088000BF9B
:105A700000BF4DF21840891E08800220891C088052
:105A800000BF00BF4DF21940891E08800020891C0C
:105A9000088000BF00BF4DF21A40891E0880022016
:105AA000891C088000BF00BF4DF21B40891E088082
:105AB0000120891C088000BF00BF4DF21C40891ED8
:105AC00008800220891C088000BF00BF4DF21D40E5
:105AD000891E08803420891C088000BF00BF4DF259
:105AE0001E40891E08800220891C088000BF00BF5C
:105AF0004DF21F40891E08806720891C088000BF66
:105B000000BF4DF22040891E08800220891C0880B9
:105B100000BF00BF4DF22140891E08808420891CEF
:105B2000088000BF00BF4DF22240891E088002207D
:105B3000891C088000BF00BF4DF22340891E0880E9
:105B4000A420891C088000BF00BF4DF22440891E9C
:105B500008800220891C088000BF00BF4DF225404C
:105B6000891E0880B720891C088000BF00BF4DF245
:105B70002640891E08800220891C088000BF00BFC3
:105B80004DF22740891E0880CF20891C088000BF65
:105B900000BF4DF22840891E08800220891C088021
:105BA00000BF00BF4DF22940891E0880DE20891CFD
:105BB000088000BF00BF4DF22A40891E08800220E5
:105BC000891C088000BF00BF4DF22B40891E088051
:105BD000F220891C088000BF00BF4DF22C40891EB6
:105BE00008800220891C088000BF00BF4DF22D40B4
:105BF000891E0880FE20891C088000BF00BF4DF26E
:105C00002E40891E08800320891C088000BF00BF29
:105C10004DF22F40891E08801020891C088000BF8B
:105C200000BF4DF23040891E08800320891C088087
:105C300000BF00BF4DF23140891E08803320891C0F
:105C4000088000BF00BF4DF23240891E088003204B
:105C5000891C088000BF00BF4DF23340891E0880B8
:105C60006D20891C088000BF00BF4FF45540891E7D
:105C700008800020891C088000BF00BF4DF2015041
:105C8000891E08803320891C088000BF00BF4DF2A8
:105C90000250891E08800020891C088000BF00BFB8
:105CA0004DF20350891E08803420891C088000BFF3
:105CB00000BF4DF20450891E08800020891C088016
:105CC00000BF00BF4DF20550891E08803A20891C94
:105CD000088000BF00BF4DF20650891E08800020DA
:105CE000891C088000BF00BF4DF20750891E088044
:105CF0004A20891C088000BF00BF4DF20850891E51
:105D000008800020891C088000BF00BF4DF20950A8
:105D1000891E08805C20891C088000BF00BF4DF2EE
:105D20000A50891E08800020891C088000BF00BF1F
:105D30004DF20B50891E08808120891C088000BF0D
:105D400000BF4DF20C50891E08800020891C08807D
:105D500000BF00BF4DF20D50891E0880A620891C8F
:105D6000088000BF00BF4DF20E50891E0880002041
:105D7000891C088000BF00BF4DF20F50891E0880AB
:105D8000E520891C088000BF00BF4DF21050891E1D
:105D900008800120891C088000BF00BF4DF211500F
:105DA000891E08801320891C088000BF00BF4DF2A7
:105DB0001250891E08800120891C088000BF00BF86
:105DC0004DF21350891E08805420891C088000BFA2
:105DD00000BF4DF21450891E08800120891C0880E4
:105DE00000BF00BF4DF21550891E08808220891C1B
:105DF000088000BF00BF4DF21650891E08800120A8
:105E0000891C088000BF00BF4DF21750891E088012
:105E1000CA20891C088000BF00BF4DF21850891E9F
:105E200008800220891C088000BF00BF4DF2195075
:105E3000891E08800020891C088000BF00BF4DF229
:105E40001A50891E08800220891C088000BF00BFEC
:105E50004DF21B50891E08800120891C088000BF5C
:105E600000BF4DF21C50891E08800220891C08804A
:105E700000BF00BF4DF21D50891E08803420891CD0
:105E8000088000BF00BF4DF21E50891E088002200E
:105E9000891C088000BF00BF4DF21F50891E08807A
:105EA0006720891C088000BF00BF4DF22050891E6A
:105EB00008800220891C088000BF00BF4DF22150DD
:105EC000891E08808420891C088000BF00BF4DF215
:105ED0002250891E08800220891C088000BF00BF54
:105EE0004DF22350891E0880A420891C088000BF21
:105EF00000BF4DF22450891E08800220891C0880B2
:105F000000BF00BF4DF22550891E0880B720891CB4
:105F1000088000BF00BF4DF22650891E0880022075
:105F2000891C088000BF00BF4DF22750891E0880E1
:105F3000CF20891C088000BF00BF4DF22850891E69
:105F400008800220891C088000BF00BF4DF2295044
:105F5000891E0880DE20891C088000BF00BF4DF22A
:105F60002A50891E08800220891C088000BF00BFBB
:105F70004DF22B50891E0880F220891C088000BF3A
:105F800000BF4DF22C50891E08800220891C088019
:105F900000BF00BF4DF22D50891E0880FE20891CD5
:105FA000088000BF00BF4DF22E50891E08800320DC
:105FB000891C088000BF00BF4DF22F50891E088049
:105FC0001020891C088000BF00BF4DF23050891E90
:105FD00008800320891C088000BF00BF4DF23150AB
:105FE000891E08803320891C088000BF00BF4DF245
:105FF0003250891E08800320891C088000BF00BF22
:106000004DF23350891E08806D20891C088000BF26
:1060100000BF4FF45640891E08800020891C08806C
:1060200000BF00BF4DF20160891E08803320891C2B
:10603000088000BF00BF4DF20260891E088000206A
:10604000891C088000BF00BF4DF20360891E0880D4
:106050003420891C088000BF00BF4DF20460891EF7
:1060600008800020891C088000BF00BF4DF2056039
:10607000891E08803A20891C088000BF00BF4DF2AD
:106080000660891E08800020891C088000BF00BFB0
:106090004DF20760891E08804A20891C088000BFD5
:1060A00000BF4DF20860891E08800020891C08800E
:1060B00000BF00BF4DF20960891E08805C20891C6A
:1060C000088000BF00BF4DF20A60891E08800020D2
:1060D000891C088000BF00BF4DF20B60891E08803C
:1060E0008120891C088000BF00BF4DF20C60891E12
:1060F00008800020891C088000BF00BF4DF20D60A1
:10610000891E0880A620891C088000BF00BF4DF2B0
:106110000E60891E08800020891C088000BF00BF17
:106120004DF20F60891E0880E520891C088000BFA1
:1061300000BF4DF21060891E08800120891C088074
:1061400000BF00BF4DF21160891E08801320891C1A
:10615000088000BF00BF4DF21260891E0880012038
:10616000891C088000BF00BF4DF21360891E0880A3
:106170005420891C088000BF00BF4DF21460891EA6
:1061800008800120891C088000BF00BF4DF2156007
:10619000891E08808220891C088000BF00BF4DF244
:1061A0001660891E08800120891C088000BF00BF7E
:1061B0004DF21760891E0880CA20891C088000BF24
:1061C00000BF4DF21860891E08800220891C0880DB
:1061D00000BF00BF4DF21960891E08800020891C95
:1061E000088000BF00BF4DF21A60891E088002209F
:1061F000891C088000BF00BF4DF21B60891E08800B
:106200000120891C088000BF00BF4DF21C60891E60
:1062100008800220891C088000BF00BF4DF21D606D
:10622000891E08803420891C088000BF00BF4DF201
:106230001E60891E08800220891C088000BF00BFE4
:106240004DF21F60891E08806720891C088000BFEE
:1062500000BF4DF22060891E08800220891C088042
:1062600000BF00BF4DF22160891E08808420891C78
:10627000088000BF00BF4DF22260891E0880022006
:10628000891C088000BF00BF4DF22360891E088072
:10629000A420891C088000BF00BF4DF22460891E25
:1062A00008800220891C088000BF00BF4DF22560D5
:1062B000891E0880B720891C088000BF00BF4DF2EE
:1062C0002660891E08800220891C088000BF00BF4C
:1062D0004DF22760891E0880CF20891C088000BFEE
:1062E00000BF4DF22860891E08800220891C0880AA
:1062F00000BF00BF4DF22960891E0880DE20891C86
:10630000088000BF00BF4DF22A60891E088002206D
:10631000891C088000BF00BF4DF22B60891E0880D9
:10632000F220891C088000BF00BF4DF22C60891E3E
:1063300008800220891C088000BF00BF4DF22D603C
:10634000891E0880FE20891C088000BF00BF4DF216
:106350002E60891E08800320891C088000BF00BFB2
:106360004DF22F60891E08801020891C088000BF14
:1063700000BF4DF23060891E08800320891C088010
:1063800000BF00BF4DF23160891E08803320891C98
:10639000088000BF00BF4DF23260891E08800320D4
:1063A000891C088000BF00BF4DF23360891E088041
:1063B0006D20891C088000BF00BF4FF47040891E0B
:1063C00008805520891C088000BF00BF4FF20100E3
:1063D000891E0880AA20891C088000BF00BF4FF2D8
:1063E0000200891E08805220891C088000BF00BF5F
:1063F0004FF20300891E08800820891C088000BF16
:1064000000BF4FF20400891E08800020891C08800C
:1064100000BF00BF4FF43140891E0880CC20891C8A
:10642000088000BF00BF4BF20110891E08800020C9
:10643000891C088000BF00BF4FF43640891E0880C9
:106440000520891C088000BF00BF4FF43740891E1B
:1064500008807020891C088000BF00BF4BF20170CB
:10646000891E08807020891C088000BF00BF4FF47F
:106470003840891E08800120891C088000BF00BFA9
:106480004BF60100891E08800320891C088000BF8C
:1064900000BF4BF60200891E08800320891C08807B
:1064A00000BF00BF4BF60300891E08800320891C33
:1064B000088000BF00BF4FF43C40891E08800220C6
:1064C000891C088000BF00BF4BF60140891E088070
:1064D0000020891C088000BF00BF4BF60240891EC7
:1064E00008800020891C088000BF00BF4FF449408D
:1064F000891E0880D020891C088000BF00BF4CF690
:106500000110891E08800220891C088000BF00BF7E
:106510004CF60210891E08805020891C088000BF9C
:1065200000BF4CF60310891E08805020891C08808B
:1065300000BF00BF4CF60410891E08805020891C43
:10654000088000BF00BF4FF45450891E088000200F
:10655000891C088000BF00BF4FF46850891E088066
:106560005520891C088000BF4FF48850891E088080
:10657000782005F0D9FE4FF42450FE49088002F03F
:1065800030B8FD48808849F2253188427ED100BF6D
:10659000E520F849088047F6F000891C088000BF14
:1065A00000BF0120891E08800002891C088000BFEE
:1065B00000BF0220891E08804FF4E060891C08801B
:1065C00000BF00BF0320891E088041F23000891CF3
:1065D000088000BF00BF0420891E08800020891C9D
:1065E000088000BF00BF0820891E088040F20220FA
:1065F000891C088000BF00BF0920891E0880002078
:10660000891C088000BF00BF0A20891E0880002066
:10661000891C088000BF00BF0C20891E0880002054
:10662000891C088000BF00BF0D20891E0880002043
:10663000891C088000BF00BF0F20891E0880002031
:10664000891C088000BF00BF1020891E0880002020
:10665000891C088000BF00BF1120891E0880072008
:10666000891C088000BF00BF1220891E08800020FE
:10667000891C088000BF00BF1320891E08800020ED
:10668000891C088000BF00BF072000E019E1891EB7
:1066900008800020891C088000BF00BF1020891ED0
:1066A000088041F29060891C088000BF00BF112063
:1066B000891E088040F22720891C088000BF00BF87
:1066C0001220891E08809D20891C088000BF00BF01
:1066D0001320891E08804FF4C850891C088000BF11
:1066E00000BF2920891E08802520891C088000BF42
:1066F00000BF2B20891E08800D20891C088000BF48
:1067000000BF3020891E08800720891C088000BF38
:1067100000BF3120891E088040F20330891C0880A8
:1067200000BF00BF3220891E08800320891C08801A
:1067300000BF00BF3520891E088040F20620891C5A
:10674000088000BF00BF3620891E08800820891CF1
:10675000088000BF00BF3720891E088040F2064035
:10676000891C088000BF00BF3820891E08804FF4B4
:106770004170891C088000BF00BF3920891E088035
:106780000720891C088000BF00BF3C20891E0880AC
:1067900040F20260891C088000BF00BF3D20891EB6
:1067A00008800820891C088000BF00BF5020891E77
:1067B00008800020891C088000BF00BF5120891E6E
:1067C0000880EF20891C088000BF00BF5220891E6E
:1067D00008800020891C088000BF00BF5320891E4C
:1067E000088040F23F10891C088000BF00BF602075
:1067F000891E08804FF42740891C088000BF00BF15
:106800006120891E08800120891C088000BF00BF0C
:106810006A20891E08800020891C088000BF00BFF4
:106820008020891E08800020891C088000BF00BFCE
:106830008120891E08800020891C088000BF00BFBD
:106840008220891E08800020891C088000BF00BFAC
:106850008320891E08800020891C088000BF00BF9B
:106860008420891E08800020891C088000BF00BF8A
:106870008520891E08800020891C088000BF00BF79
:106880009020891E08801020891C088000BF00BF4E
:106890009220891E08804FF4C060891C088000BFC8
:1068A00000BF0720891E088040F23310891C088031
:1068B00000BF00BF0020891E08802220891C08809C
:1068C0005DE62D48808849F2283188427ED100BF9C
:1068D000EC202849088041F28F00891C088000BF05
:1068E00000BFEF20891E088041F23420891C0880F7
:1068F00000BF00BF0120891E08800002891C08809B
:1069000000BF00BF0220891E08804FF4E060891C90
:10691000088000BF00BF0320891E088041F23000BC
:10692000891C088000BF00BF0420891E0880002049
:10693000891C088000BF00BF0820891E088040F223
:106940000220891C088000BF00BF0920891E088022
:106950000020891C088000BF00BF0A20891E088013
:106960000020891C088000BF00BF0C20891E088001
:10697000012003E0FE07006C10300020891C088015
:1069800000BF00BF0D20891E08800020891C0880E0
:1069900000BF00BF0F20891E08800020891C0880CE
:1069A00000BF00BF1020891E08800020891C0880BD
:1069B00000BF00BF1120891E08800720891C0880A5
:1069C00000BF00BF1220891E088000E043E10020C4
:1069D000891C088000BF00BF1320891E088000208A
:1069E000891C088000BF00BF0720891E0880012085
:1069F000891C088000BF322005F076FC00BF102003
:106A0000FE49088041F29040891C088000BF00BF09
:106A10001120891E088040F22720891C088000BFB1
:106A2000322005F061FC00BF1220F44908808A2062
:106A3000891C088000BF322005F056FC00BF1320DF
:106A4000EE4908804FF4D050891C088000BF00BF79
:106A50002920891E08800620891C088000BF00BFED
:106A60002B20891E08800D20891C088000BF322041
:106A700005F03AFC00BF2020E04908800020891C76
:106A8000088000BF00BF2120891E08800020891CCB
:106A9000088000BF322005F027FC00BF3020D74916
:106AA00008800020891C088000BF00BF3120891E9B
:106AB000088040F20460891C088000BF00BF3220BB
:106AC000891E088040F20530891C088000BF00BF85
:106AD0003520891E08800020891C088000BF00BF67
:106AE0003620891E088040F60940891C088000BFB6
:106AF00000BF3720891E08804FF40170891C088070
:106B000000BF00BF3820891E088040F20130891C78
:106B1000088000BF00BF3920891E088040F207703E
:106B2000891C088000BF00BF3C20891E088000200F
:106B3000891C088000BF00BF3D20891E088040F6E8
:106B40000A20891C088000BF322005F0CDFB00BF61
:106B50005020AA4908800020891C088000BF00BF7F
:106B60005120891E0880EF20891C088000BF00BFCB
:106B70005220891E08800020891C088000BF00BFA9
:106B80005320891E088040F23F10891C088000BFF6
:106B900000BF6020891E08804FF42740891C0880B0
:106BA00000BF00BF6120891E08800120891C088069
:106BB00000BF00BF6A20891E08800020891C088051
:106BC00000BF00BF8020891E08800020891C08802B
:106BD00000BF00BF8120891E08800020891C08801A
:106BE00000BF00BF8220891E08800020891C088009
:106BF00000BF00BF8320891E08800020891C0880F8
:106C000000BF00BF8420891E08800020891C0880E6
:106C100000BF00BF8520891E08800020891C0880D5
:106C200000BF00BF9020891E08801020891C0880AA
:106C300000BF00BF9220891E08804FF4C060891CED
:106C4000088000BF00BF0720891E088040F2331073
:106C5000891C088093E46A48808849F22031884280
:106C60007ED100BF002065490880891C088000BFD4
:106C700000BF0120891E08800002891C088000BF17
:106C800000BF0220891E08804FF4E060891C088044
:106C900000BF00BF0320891E088041F23000891C1C
:106CA000088000BF00BF0420891E08800020891CC6
:106CB000088000BF00BF0820891E088040F2022023
:106CC000891C088000BF00BF0920891E08800020A1
:106CD000891C088000BF00BF0A20891E0880002090
:106CE000891C088000BF00BF0C20891E088001207D
:106CF000891C088000BF00BF0D20891E088000206D
:106D0000891C088000BF00BF0F20891E088000205A
:106D1000891C088000BF322005F0E6FA00BF07207A
:106D20003649088040F20110891C088000BF3220DB
:106D300005F0DAFA00BF1020304908804FF4865081
:106D4000891C088000BF00BF1120891E0880072011
:106D5000891C088000BF00BF1220891E088000E047
:106D6000C7E04FF48870891C088000BF00BF132063
:106D7000891E08804FF43060891C088000BF00BF66
:106D80002920891E08800020891C088000BF00BFC0
:106D90002B20891E088044F21000891C088000BF47
:106DA00000BF5020891E08800020891C088000BF79
:106DB00000BF5120891E0880EF20891C088000BF79
:106DC00000BF5220891E08800020891C088000BF57
:106DD00000BF5320891E088040F23F10891C0880A4
:106DE00000BF00BF6020891E08804FF41C50891C22
:106DF000088000BF00BF6120891E03E0FE07006C11
:106E00001030002008800120891C088000BF00BFCE
:106E10006A20891E08800020891C088000BF00BFEE
:106E20008020891E08800020891C088000BF00BFC8
:106E30008120891E08800020891C088000BF00BFB7
:106E40008220891E08800020891C088000BF00BFA6
:106E50008320891E08800020891C088000BF00BF95
:106E60008420891E08800020891C088000BF00BF84
:106E70008520891E08800020891C088000BF00BF73
:106E80009020891E08801020891C088000BF00BF48
:106E90009220891E08800020891C088000BF00BF46
:106EA0009320891E08800120891C088000BF00BF34
:106EB0009520891E08804FF48870891C088000BFC7
:106EC00000BF9720891E08800020891C088000BF11
:106ED00000BF9820891E08800020891C088000BF00
:106EE00000BF0720891E088040F27310891C0880AB
:106EF000E6E4FE48808849F2313188427ED100BF05
:106F0000E720FB49088041F21400891C088000BF7B
:106F100000BF0120891E08800002891C088000BF74
:106F200000BF0220891E08800002891C088000BF63
:106F300000BF0320891E088041F23800891C0880A8
:106F400000BF00BF0820891E088040F20220891C73
:106F5000088000BF00BF0920891E08800020891C0E
:106F6000088000BF00BF0A20891E08800020891CFD
:106F7000088000BF00BF0C20891E08800020891CEB
:106F8000088000BF00BF0D20891E08800020891CDA
:106F9000088000BF00BF0F20891E08800020891CC8
:106FA000088000BF00BF1020891E08800020891CB7
:106FB000088000BF00BF1120891E08800720891C9F
:106FC000088000BF00BF1220891E08800020891C95
:106FD000088000BF00BF1320891E08800020891C84
:106FE000088000BFC82005F07FF900BF1020C0490D
:106FF000088041F29060891C088000E020E100BF19
:1070000000BF1120891E088040F22720891C0880BB
:1070100000BF322005F068F900BF1220B449088093
:107020000C20891C088000BF322005F05DF900BFEC
:107030001320AF4908804FF40060891C088000BF0E
:1070400000BF2920891E08801120891C088000BFEC
:1070500000BF2B20891E08800B20891C088000BFE0
:10706000322005F041F900BF2020A149088000200E
:10707000891C088000BF00BF2120891E088040F2C3
:107080003F10891C088000BF00BF3020891E088087
:107090000020891C088000BF00BF3120891E0880A5
:1070A0004FF48370891C088000BF00BF3220891E06
:1070B00008800020891C088000BF00BF3520891E81
:1070C00008804FF40170891C088000BF00BF362083
:1070D000891E088041F20A60891C088000BF00BF39
:1070E0003720891E088040F20770891C088000BF85
:1070F00000BF3820891E08804FF48370891C0880E7
:1071000000BF00BF3920891E088040F20770891C2B
:10711000088000BF00BF3C20891E088040F202406A
:10712000891C088000BF00BF3D20891E088040F6F2
:107130000F40891C088000BF00BF5020891E0880B6
:107140000020891C088000BF00BF5120891E0880D4
:10715000EF20891C088000BF00BF5220891E0880D4
:107160000020891C088000BF00BF5320891E0880B2
:1071700040F23F10891C088000BF00BF6020891EBC
:1071800008804FF41C50891C088000BF00BF61209C
:10719000891E08800120891C088000BF00BF6A206A
:1071A000891E08800020891C088000BF00BF802045
:1071B000891E08800020891C088000BF00BF812034
:1071C000891E08800020891C088000BF00BF822023
:1071D000891E08800020891C088000BF00BF832012
:1071E000891E08800020891C088000BF00BF842001
:1071F000891E08800020891C088000BF00BF8520F0
:10720000891E08800020891C088000BF00BF9020D4
:10721000891E08801020891C088000BF00BF9220B2
:10722000891E08804FF4C060891C088000BF00BF21
:107230000720891E088040F23310891C088009E568
:107240002A48808845F2084188427DD100BF01204C
:10725000274908800002891C088000BF00BF022067
:10726000891E08804FF4E060891C088000BF00BFC1
:107270000320891E088041F23000891C088000BF6D
:1072800000BF0420891E08800020891C088000BFE0
:1072900000BF0820891E088040F20720891C088052
:1072A00000BF00BF0920891E08800020891C0880BB
:1072B00000BF00BF0A20891E08800020891C0880AA
:1072C00000BF00BF0C20891E08800020891C088098
:1072D00000BF00BF0D20891E08800020891C088087
:1072E00000BF00BF0F20891E088003E0103000207F
:1072F000FE07006C0020891C088000BF142004F0E9
:10730000F3FF00BF1020FE49088041F2B060891CE5
:10731000088000BF00BF1120891E08800120891C41
:10732000088000BF00BF1720891E08800120891C2B
:10733000088000BF00BF1220891E08804FF49C7097
:10734000891C088000BF00E0B8E000BF1320891E40
:1073500008804FF40060891C088000BF00BF29200E
:10736000891E08800920891C088000BF00BF2A20D0
:10737000891E08800920891C088000BF00BFA42046
:10738000891E08800020891C088000BF00BF502093
:10739000891E08800020891C088000BF00BF512082
:1073A000891E0880EF20891C088000BF00BF522082
:1073B000891E08800020891C088000BF00BF532060
:1073C000891E088040F23F10891C088000BF00BF62
:1073D0006020891E08804FF41C50891C088000BF63
:1073E00000BF6120891E08800120891C088000BF21
:1073F00000BF6A20891E08800020891C088000BF09
:1074000000BF8020891E08800020891C088000BFE2
:1074100000BF8120891E08800020891C088000BFD1
:1074200000BF8220891E08800020891C088000BFC0
:1074300000BF8320891E08800020891C088000BFAF
:1074400000BF8420891E08800020891C088000BF9E
:1074500000BF8520891E08800020891C088000BF8D
:1074600000BF9020891E08801320891C088000BF5F
:1074700000BF9220891E08800020891C088000BF60
:1074800000BF9320891E08800320891C088000BF4C
:1074900000BF9520891E08804FF48870891C0880E1
:1074A00000BF00BF0720891E088040F27310891CAE
:1074B000088000BF322004F017FF19E5914880884A
:1074C00041F2055188427DD100BF07208C490880D8
:1074D0000020891C088000BF322004F005FF00BF97
:1074E0001220874908804FF48E70891C088000BFE5
:1074F00000BFA420891E08800120891C088000BFCD
:1075000000BF0820891E08800F20891C088000BF4A
:1075100000BF0A20891E08800820891C088000BF3F
:1075200000BF0D20891E08800820891C088000BF2C
:1075300000BF3020891E088040F20770891C088037
:1075400000BF00BF3120891E08800720891C0880E9
:1075500000BF00BF3220891E088040F20360891CF2
:10756000088000BF00BF3320891E08804FF4E06010
:10757000891C088000BF00BF3420891E088040F2AB
:107580000220891C088000BF00BF3520891E0880AA
:107590000220891C088000BF00BF3620891E088099
:1075A00041F60F70891C088000BF00BF3720891E7C
:1075B000088040F20770891C088000BF00BF382097
:1075C000891E00E085E108800020891C088000BF3A
:1075D00000BF3920891E08800020891C088000BF58
:1075E00000BF3A20891E088040F20770891C08807D
:1075F00000BF00BF3B20891E08800020891C088036
:1076000000BF00BF3C20891E08800720891C08801D
:1076100000BF00BF3D20891E08800020891C088013
:1076200000BF322004F060FE00BF0720344908800C
:107630000120891C088000BF00BF1720891E088018
:107640000120891C088000BF322004F04DFE00BFDD
:1076500010202B4908804FF4BD50891C088000BFC2
:1076600000BF1120891E088040F21720891C088065
:1076700000BF00BF1220891E08804FF48F70891C44
:10768000088000BF00BF1320891E08804FF470607F
:10769000891C088000BF00BF2A20891E08800020A6
:1076A000891C088000BF00BF2920891E08800A208D
:1076B000891C088000BF00BF1220891E08804FF47B
:1076C0009F70891C088000BF00BF5020891E088061
:1076D0000020891C088000BF00BF5120891E08803F
:1076E000EF20891C088000BF00BF5220891E08803F
:1076F0000020891C088000BF00BF5320891E03E0C2
:10770000FE07006C10300020088040F23F10891CFA
:10771000088000BF00BF6020891E08804FF41C5005
:10772000891C088000BF00BF6120891E08800120DD
:10773000891C088000BF00BF6A20891E08800020C5
:10774000891C088000BF00BF8020891E088000209F
:10775000891C088000BF00BF8120891E088000208E
:10776000891C088000BF00BF8220891E088000207D
:10777000891C088000BF00BF8320891E088000206C
:10778000891C088000BF00BF8420891E088000205B
:10779000891C088000BF00BF8520891E088000204A
:1077A000891C088000BF00BF9020891E088013201C
:1077B000891C088000BF00BF9220891E08804FF4FA
:1077C0004070891C088000BF00BF9320891E08807C
:1077D0000520891C088000BF00BF9520891E0880F5
:1077E0000020891C088000BF00BF9720891E0880E8
:1077F0000020891C088000BF00BF9820891E0880D7
:107800000020891C088000BF00BF0120891E08805D
:107810000002891C088000BF00BF0220891E08806A
:107820004FF4E060891C088000BF00BF0320891E60
:10783000088041F23800891C088000BF00BF042086
:10784000891E08800020891C088000BF00BF0C2012
:10785000891E08800020891C088000BF00BF0F20FF
:10786000891E08800020891C088000BF00BF2020DE
:10787000891E08800020891C088000BF00BF2120CD
:10788000891E08800020891C088000BF00BF0720D7
:10789000891E08802120891C088000BF142004F064
:1078A00023FD00BF0720FE4908806120891C088055
:1078B00000BF142004F018FD00BF0720F84908801D
:1078C00040F27310891C088000BF142004F00CFDE6
:1078D000B5E4F44880884BF2055188427ED100BF60
:1078E0000020EF490880891C088000BF00BF891E66
:1078F0000880891C088000BF00BF891E0880891C81
:10790000088000BF00BF891E0880891C088000BF56
:1079100000BFA420891E08800120891C088000BFA8
:10792000142004F0E1FC00BF6020DD4908804FF422
:107930001C50891C088000BF00BF0820891E0880D9
:1079400040F20220891C088000BF00BF3020891E41
:1079500008804FF40570891C088000BF00BF3120EB
:10796000891E088043F21570891C088000BF00BF83
:107970003220891E088040F20460891C088000BF04
:1079800000BF3320891E088040F61660891C0880DD
:1079900000BF00BF3420891E088042F21120891CDC
:1079A000088000BF00BF3520891E08804FF4A85012
:1079B000891C088000BF00BF3620891E088048F25D
:1079C0000750891C088000BF00BF3720891E08802F
:1079D00041F20740891C088000BF00E04DE100BF74
:1079E0003820891E088041F20340891C088000BFAE
:1079F00000BF3920891E08802020891C088000BF14
:107A000000BF9020891E08801A20891C088000BFB2
:107A100000BF1020891E08800020891C088000BF3C
:107A200000BF1120891E08800720891C088000BF24
:107A300000BF1220891E08800020891C088000BF1A
:107A400000BF1320891E08800020891C088000BF09
:107A5000142004F049FC00BF1020914908804FF425
:107A6000E660891C088000BF00BF1120891E0880C5
:107A700040F23710891C088000BF142004F034FC49
:107A800000BF1220864908804FF4DC70891C0880F2
:107A900000BF142004F028FC00BF13208049088098
:107AA0004FF47060891C088000BF00BF2A20891E27
:107AB00008808020891C088000BF00BF2920891E03
:107AC00008804820891C088000BF142004F00CFCAA
:107AD00000BF0120724908800002891C088000BF95
:107AE00000BF0220891E08804FF4E060891C0880D6
:107AF00000BF00BF0320891E088041F23800891CA6
:107B0000088000BF00BF0820891E088040F20220C4
:107B1000891C088000BF00BF0A20891E0880002041
:107B2000891C088000BF00BF0C20891E088000202F
:107B3000891C088000BF00BF0D20891E088000201E
:107B4000891C088000BF00BF0E20891E08803020DD
:107B5000891C088000BF00BF5020891E08800020BB
:107B6000891C088000BF00BF5120891E0880EF20BB
:107B7000891C088000BF00BF5220891E0880002099
:107B8000891C088000BF00BF5320891E088040F276
:107B90003F10891C088000BF00BF6020891E08803C
:107BA0004FF41C50891C088000BF00BF6120891E53
:107BB00008800120891C088000BF00BF6A20891E40
:107BC00008800020891C088000BF00BF9020891E0B
:107BD00008801120891C088000BF00BF9220891EE8
:107BE00008804FF4C060891C088000BF00BF93204C
:107BF000891E088040F20240891C088000BF00BF37
:107C00009420891E08800220891C088000BF14204F
:107C100004F06AFB00BF0720214908800120891C6D
:107C2000088000BF142004F05FFB00BF07201C4940
:107C300008806120891C088000BF00BF0720891EC2
:107C4000088040F27310891C088000BF00BF20200C
:107C5000891E08800020891C088000BF00BF2120E9
:107C6000891E08800020891C088000BF00BF891E73
:107C700008802220891C08801FE40A4880884CF272
:107C8000055188427ED100BF002005490880891C2B
:107C9000088000BF00BF891E0880891C088003E09F
:107CA000FE07006C1030002000BF142004F01CFB05
:107CB00000BF0020FE490880891C088000BF00BF6B
:107CC000891E0880891C088000BF00BF891E0880AB
:107CD000891C088000BF00BF891E0880891C08809D
:107CE00000BF00BFA420891E08800120891C0880D5
:107CF00000BF142004F0F8FA00BF6020EC490880AF
:107D00004FF41C50891C088000BF00BF0820891E4A
:107D1000088040F60600891C088000BF00BF3020A4
:107D2000891E088040F20370891C088000BF00BFD4
:107D30003120891E08800120891C088000BF00BFF7
:107D40003220891E08800420891C088000BF00BFE3
:107D50003320891E08804FF48170891C088000BF81
:107D600000BF3420891E08804FF44070891C0880B1
:107D700000BF00BF3520891E088040F20310891C17
:107D8000088000E0F8E000BF00BF3620891E0880B0
:107D90001F20891C088000BF00BF3720891E088073
:107DA00040F20370891C088000BF00BF3820891E84
:107DB00008800120891C088000BF00BF3920891E6F
:107DC00008800420891C088000BF00BF9020891E05
:107DD00008801520891C088000BF00BF1020891E64
:107DE00008804FF48260891C088000BF00BF11200A
:107DF000891E088040F24720891C088000BF00BF10
:107E00001220891E08804FF4DE70891C088000BF94
:107E100000BF1320891E08804FF46060891C088011
:107E200000BF782004F060FA00BF0120A04908805C
:107E30000002891C088000BF00BF0220891E088044
:107E40000002891C088000BF00BF0320891E088033
:107E500041F23000891C088000BF00BF0A20891E43
:107E600008800820891C088000BF00BF0C20891EE4
:107E700008800020891C088000BF00BF0E20891EDA
:107E800008802020891C088000BF00BF0F20891EA9
:107E900008800020891C088000BF00BF2020891EA8
:107EA00008800020891C088000BF00BF2120891E97
:107EB00008800020891C088000BF00BF2A20891E7E
:107EC00008803D20891C088000BF142004F00CFAB3
:107ED00000BF2920764908802D20891C088000BF1A
:107EE00000BF5020891E08800020891C088000BF28
:107EF00000BF5120891E08804DF2EF00891C0880C8
:107F000000BF00BF5220891E08800020891C088005
:107F100000BF00BF5320891E088040F23F10891C1B
:107F2000088000BF00BF6120891E08800020891CD6
:107F3000088000BF00BF6A20891E08800020891CBD
:107F4000088000BF00BF9220891E08804FF4407057
:107F5000891C088000BF00BF9320891E088005206F
:107F6000891C088000BF00BF0720891E08804FF4CD
:107F70008070891C088034E34E48808844F2315177
:107F800088427DD100BF0020494908800120891C1A
:107F9000088000BF0A2004F0A7F900BF1020444960
:107FA000088041F22860891C088000BF00BF1220B1
:107FB000891E08800E20891C088000BF00BF132086
:107FC000891E088040F63920891C088000BF0A20DD
:107FD00004F08AF900BF1120354908804020891C2F
:107FE000088000BF00BF1520891E08805020891C12
:107FF000088000BF0A2004F077F900BF12202C4946
:1080000008801E20891C088000BF0A2004F06CF93B
:1080100000BF1020264908804FF4B150891C088009
:1080200000BF00BF1320891E088042F63920891C3A
:10803000088000BF0A2004F057F900BF01201C4946
:1080400008800002891C088000BF00BF0220891E32
:1080500008804FF44070891C088000BF00BF0320D7
:10806000891E088041F23800891C088000BF00BFCB
:108070000820891E088040F20220891C088000E048
:10808000D4E000BF00BF0A20891E08800820891C98
:10809000088000BF00BF3020891E08800020891C96
:1080A000088000BF00BF3120891E088004E0000066
:1080B000FE07006C1030002040F20240891C08804E
:1080C00000BF00BF3220891E08804FF48370891CD6
:1080D000088000BF00BF3320891E088040F2035093
:1080E000891C088000BF00BF3420891E08804FF41F
:1080F0008270891C088000BF00BF3520891E08805F
:1081000040F20130891C088000BF00BF3620891E64
:10811000088040F20770891C088000BF00BF37202C
:10812000891E088040F20530891C088000BF00BF0E
:108130003820891E08804FF40270891C088000BF17
:1081400000BF3920891E088040F60B70891C08800A
:1081500000BF00BF4120891E08800220891C0880C2
:1081600000BF00BF6020891E08804FF41C50891C8E
:10817000088000BF00BF6120891E08800120891C83
:10818000088000BF00BF9020891E08804FF4047053
:10819000891C088000BF00BF9220891E08804FF410
:1081A0008570891C088000BF00BF9320891E08804D
:1081B0000420891C088000BF00BFA020891E088001
:1081C0004FF48070891C088000BF00BF0720891E03
:1081D00008800120891C088000BF00BF0720891E7D
:1081E00008802120891C088000BF00BF0720891E4D
:1081F00008802320891C088000BF00BF0720891E3B
:1082000008803320891C088000BF00BF0720891E1A
:10821000088040F23310891C088000BF00BFA020F6
:10822000891E08800020891C0880DAE1F2488088D5
:1082300044F2355188427DD100BF1520EF490880B6
:108240003020891C088000BF00BF9A20891E08804A
:108250001020891C088000BF00BF1120891E0880E3
:108260002020891C088000BF00BF1020891E0880C4
:1082700043F22840891C088000BF00BF1220891EDD
:1082800008800220891C088000BF00BF1320891EBF
:10829000088041F23800891C088000BF282004F0C3
:1082A00023F800BF1220D5490880891C088000BF30
:1082B000282004F019F800BF1020D049088043F2AC
:1082C0002040891C088000BF00BF1320891E088041
:1082D00043F23800891C088000BF462004F004F8EF
:1082E00000BF3020C54908800020891C088000BFDD
:1082F00000BF3120891E088040F20240891C08809E
:1083000000BF00BF3220891E088040F20730891C60
:10831000088000BF00BF3320891E08804FF44170E1
:10832000891C088000BF00BF3420891E08800420FB
:10833000891C00E0BFE0088000BF00BF3520891E17
:10834000088040F20140891C088000BF00BF362031
:10835000891E088040F20770891C088000BF00BF9A
:108360003720891E088040F20530891C088000BF34
:1083700000BF3820891E08804FF4C260891C088025
:1083800000BF00BF3920891E08804FF4C260891CDD
:10839000088000BF00BF0120891E08800002891CE0
:1083A000088000BF00BF0220891E08804FF4407083
:1083B000891C088000BF00BF0320891E088041F28D
:1083C0003000891C088000BF00BF0820891E08807B
:1083D00040F60800891C088000BF00BF0A20891EE3
:1083E00008800820891C088000BF00BF6020891E0B
:1083F00008804FF41C50891C088000BF00BF61201A
:10840000891E08800120891C088000BF00BF9020C1
:10841000891E08804FF49F70891C088000BF00BF30
:108420009220891E08804FF48070891C088000BF4C
:1084300000BF9320891E08804FF48070891C08803B
:1084400000BF00BFA020891E08804FF44050891C47
:10845000088000BF00BFA320891E08801020891C4F
:10846000088000BF00BF0720891E08800120891CEA
:10847000088000BF00BF0720891E08802120891CBA
:10848000088000BF00BF0720891E08802320891CA8
:10849000088000BF00BF0720891E08803320891C88
:1084A000088000BF00BF0720891E088040F23310FB
:1084B000891C088095E05048808841F66311884205
:1084C000F8D1E2204D4908802320891C0880022031
:1084D000088004200880642003F026FFE02047493C
:1084E00008800120891C08800A2003F0FDFEE0209E
:1084F000424908800320891C08800C2003F0F4FE08
:1085000001203E4908800A2003F0EEFEE6203B49A8
:1085100008800320891C0880FF2008800880B02084
:10852000891E08802020891C0880002008800120E6
:10853000088040F23F10088000200880EF2008806B
:1085400000200880B420891E08800120891C088032
:1085500040F27B1008800020088027200880092036
:1085600008800020088008800880B620891E0880C6
:108570000120891C088040F2091008800020088032
:108580001120088007200880002008800880F02043
:10859000891E08800320891C08802920891E0880E4
:1085A000D02008800020891C0880BE20891E0880F9
:1085B0000520891C0880FE20088001200880FF20FB
:1085C000088000200880B820891E08800F20891CA0
:1085D000088001200880BA20891E08800120891C9B
:1085E00008800020FBF776F90120054908604FF666
:1085F000FF70FBF735F910BD10300020FE07006C4E
:108600008081214210B5024804F020FD10BD000019
:108610006C2C010870B5034600200024B24DAD79E2
:10862000012D0BD1B04DAD8846F60406B54205D0FC
:10863000AD4DAD8841F66316B54208D1AA4DAD796E
:10864000F5B9A94DAD8841F66316B54218D1082B8E
:1086500015D2DFE803F00406080A0C0E10120621FA
:108660000DE007210BE0042109E0052107E00121CD
:1086700005E0002103E0032101E0022100BF00BF6B
:10868000994DAD8849F24136B54217D0964DAD8827
:1086900046F60406B54211D0934DAD8845F210362A
:1086A000B5420BD0904DAD8845F21056B54205D07D
:1086B0008D4DAD8841F66316B5427DD108291CD297
:1086C000DFE801F00406090C0F12151800BF14E0D2
:1086D00040F0800011E040F040000EE040F0C000AB
:1086E0000BE040F0200008E040F0600005E040F0C2
:1086F000A00002E040F0E00000BF00BF7A4DAD886E
:1087000045F21056B54202D14FF4585400E03624D9
:10871000754DAD8845F21036B5420DD0724DAD881D
:1087200045F21056B54207D06F4DAD8841F663163D
:10873000B54201D040F008006B4DAD8846F6040606
:10874000B54201D140F0020000BF684D2C80AD1C45
:10875000288000BF644DAD8841F66316B5421DD038
:1087600000F020056DB1604D2D885F4E7688B542D2
:1087700014DA5D4D2A886D885B4E358035466A80F7
:108780000CE0594D2D88584E7688B54206DD564D81
:108790002A886D88544E358035466A80524DAD88A2
:1087A00045F21056B5424ED14F4D6D894F4E358032
:1087B0000025B61C358000E06CE04B4D6D896D1CCA
:1087C000B61E35800025B61C3580474D6D89AD1C21
:1087D000B61E3580444D2D886D1EC5F30F25B61C81
:1087E0003580414D6D89ED1CB61E35803E4D2D788E
:1087F0006D1EEDB2B61C35803B4DAD89B61E358081
:108800000025B61C3580384DAD896D1CB61E3580EF
:108810000025B61C3580344DAD89AD1CB61E3580A3
:10882000314D6D886D1EC5F30F25B61C35802E4D5C
:10883000AD89ED1CB61E35802B4DAD786D1EEDB2A9
:10884000B61C35804FE0284D6D89284E35800025B7
:10885000B61C35803580244D2D886D1EC5F30F253F
:108860003580214D2D786D1EEDB235801E4DAD89C0
:10887000B61E35800025B61C358035801A4D6D88B2
:108880006D1EC5F30F253580174DAD786D1EEDB209
:10889000358028E008291CD2DFE801F004070A0D22
:1088A0000F12151840F0300013E040F0100010E0F7
:1088B00040F020000DE000BF0BE040F0380008E081
:1088C00040F0280005E040F0180002E040F0080009
:1088D00000BF00BF032440F4805000BF034D2C8034
:1088E000AD1C288000BF70BD10300020FE07006C5A
:1088F0007C4A928849F241339A4205D0794A92885B
:1089000045F210339A4212D1764A5289764B1A8038
:1089100002129B1C1A80C2B21A80724A92899B1E54
:108920001A800A129B1C1A80CAB21A80D9E06D4ABA
:10893000928849F288439A4230D16A4A9279012A50
:1089400003D102460846114600BF664A5289664B6B
:108950001A8002129B1C1A80C2B21A80614A1288C5
:10896000521EC2F30F221A805E4A1278521ED2B2F1
:108970001A805C4A92899B1E1A800A129B1C1A80DC
:10898000CAB21A80574A5288521EC2F30F221A8066
:10899000544A9278521ED2B21A80A2E0514A92886A
:1089A00046F604039A421BD14E4A9279012A04D119
:1089B0004C4A1288521E121A90B24A4A52894A4BA5
:1089C0001A8002129B1C1A80C2B21A80454A9289F0
:1089D0009B1E1A800A129B1C1A80CAB21A8080E061
:1089E000404A928841F663139A423DD13D4A9279BA
:1089F0008AB93C4A1288521E121A90B2394A5289D8
:108A0000394B1A8000229B1C1A801A8002121A808D
:108A1000C2B21A8013E0334A5289334B1A800212D1
:108A20009B1C1A80C2B21A802E4A1288521EC2F3B0
:108A30000F221A802B4A1278521ED2B21A80294A6B
:108A40009289294B1A800A129B1C1A80CAB21A807A
:108A5000244A5288521EC2F30F221A80214A927869
:108A6000521ED2B21A803CE01E4A928845F2105340
:108A70009A421ED11B4A52891B4B1A8002129B1C20
:108A80001A80184A5289521C9B1E1A80C2B29B1C23
:108A90001A80144A92899B1E1A800A129B1C1A8003
:108AA000104A9289521C9B1E1A80CAB29B1C1A80C3
:108AB00017E00C4A9279012A04D10A4A1288521E00
:108AC000121A90B200BF074A5289074B1A809A1CAB
:108AD000108000BF00BF034A92891A809A1C11803F
:108AE00000BF704710300020FE07006C10B5044630
:108AF000206804F0ABFA10BD00BFFEE7F1E00024EF
:108B0000611E7848006809F0BFFA01280AD176484A
:108B100000687649486100231A4619467148006882
:108B200009F068F87148007830B101280ED00228A9
:108B30002FD0032809D1B1E004F008FF00206B49D1
:108B40008870086248626A490870C5E067488078A2
:108B500020B904F0F3FE01206449887063488078EE
:108B6000B0B16249487801F039FF60490883088B49
:108B7000F7F764FD064631465E4800F005FA5A48AC
:108B800001685C4800F08FF90546284604F0B2FE03
:108B9000A2E05748007820B101282BD002287BD1D1
:108BA00051E05248807820B904F0C8FE01204F49B6
:108BB0008870514804F09EFE4C48006A32304B49A0
:108BC00008620846807E30B10120494908700020C3
:108BD000464908620DE04548006A4EF66021884229
:108BE00007D300204149087004F0B0FE00203F493F
:108BF000887051E04FF47A7001F0D2FE04462046AE
:108C0000F7F71CFD064604F075FE3848406A32301E
:108C1000364948620846807E30B9022034490870DF
:108C20000020324948620DE03048406A4EF660212B
:108C3000884207D300202D49087004F087FE0020E9
:108C40002A49887028E04FF47A7001F0A9FE0446A2
:108C50002046F7F7F3FC064604F04CFE2348406A32
:108C60003230224948620846807E30B101202049D6
:108C7000087000201D4948620DE01C48406A42F21D
:108C80001071884207D300201849087004F05EFE76
:108C900000201649887000BF00BF1DE01348C07E49
:108CA000C8B112488078B0B11049487801F096FEFA
:108CB0000E490883088BF7F7C1FC064631460D487C
:108CC00000F062F9084801680A4800F0ECF805462F
:108CD000284604F00FFE00BF00BF322003F004FB63
:108CE00000BF0CE724040020CC00002078300020D6
:108CF0004C040020A03000200000484310E04FF05A
:108D0000FF310848006809F0BFF9012808D103F0D5
:108D1000F3FC04463221204604F02EFD024908608F
:108D2000EDE7000028040020CC0000207047000080
:108D300000F01F0201219140024A430942F823102A
:108D40007047000080E100E070B5002100230F2291
:108D5000C47804B3154C246804F4E064C4F5E064FA
:108D6000210AC1F10403CA40447804FA03F184786B
:108D70001440214309010E4C0678A155047804F0F3
:108D80001F050124AC4005786D11AD0005F1E0250B
:108D9000C5F8004109E0047804F01F050124AC4047
:108DA000044D0678761145F8264070BD0CED00E0C4
:108DB00000E400E080E100E002490143024A116062
:108DC000704700000000FA050CED00E02DE9F041CD
:108DD00005460F461646F8F76FF9B220F8F73AF94C
:108DE000F8F7B4F92812F8F735F9F8F7AFF9E8B25F
:108DF000F8F730F9F8F7AAF9F8F75EF9B320F8F7C1
:108E000029F9F8F7A3F900240BE0711EA14201D063
:108E1000012100E000210846F8F7E4F83855601C0D
:108E2000C4B2B442F1DBF8F76DF9BDE8F08138B5B2
:108E30000446002000900CB1802000900122694679
:108E40004FF4506000F001F838BD2DE9F0410446C0
:108E50000E4617464FF00008F8F72EF9B220F8F743
:108E6000F9F8F8F773F92012F8F7F4F8F8F76EF953
:108E7000E0B2F8F7EFF8F8F769F900250BE0705D5C
:108E8000F8F7E8F8F8F762F98046B8F1000F00D07B
:108E900003E0681CC5B2BD42F1DB00BFF8F732F950
:108EA0004046BDE8F0812DE9F04704460D462561B6
:108EB000D4E90301F7F72AFA60616169E069F7F71D
:108EC000D3F9E061E16AE069F7F78AFC02D2E06A6F
:108ED000E0610BE0E06A80F000473846E169F7F7AF
:108EE0007FFC03D2E06A80F00040E06161692068A5
:108EF000F7F712FA8046E1696068F7F70DFA8146E4
:108F0000D4E90501F7F702FA0746A168F7F704FA72
:108F1000064649464046F7F7A7F907463146F7F7B0
:108F2000A3F92062D4E90801F7F75AFC02D2606A7B
:108F3000206206E0A16A206AF7F748FC01D2A06A25
:108F400020626069A061206ABDE8F0872DE9F047E2
:108F500004460D4616461F46DDE908892560666011
:108F6000A7600020E06020616061A061E061206294
:108F7000C4F82480C4F828904FF080414046F7F7A9
:108F8000FDF9E062BDE8F087C1607047014600204E
:108F9000034A506820F44040084350607047000086
:108FA0000010024029B1064A52690243044B5A613B
:108FB00004E0034A52698243014B5A617047000042
:108FC0000010024029B1064AD2690243044BDA611B
:108FD00004E0034AD2698243014BDA617047000022
:108FE0000010024029B1064A12690243044B1A617B
:108FF00004E0034A12698243014B1A617047000082
:109000000010024029B1064A92690243044B9A615A
:1090100004E0034A92698243014B9A617047000061
:109020000010024029B1064AD2680243044BDA60BC
:1090300004E0034AD2688243014BDA6070470000C3
:109040000010024030B500210022002400232D4DE5
:109050006D6805F00C0121B1042905D0082923D140
:1090600005E0294D056022E0274D05601FE0254DF4
:109070006D6805F47012234D6D6805F48034022587
:1090800005EB92421CB9214D554305600BE01D4D87
:109090006D6805F400351DB11C4D5543056002E0B7
:1090A000194D5543056002E0174D056000BF00BF34
:1090B000144D6D6805F0F0010909154D6B5C0568EC
:1090C000DD4045600F4D6D6805F4E061090A104D03
:1090D0006B5C4568DD4085600A4D6D6805F4605144
:1090E000C90A0B4D6B5C4568DD40C560054D6D6878
:1090F00005F44041890B074D6B5CC568B5FBF3F582
:10910000056130BD0010024000127A0000093D00E8
:109110007C0000208C0000208EB0002006F010FBA8
:109120000546042006F00CFB044642E007A9284649
:1091300006F040FBE8B900210798F7F747FB18D085
:1091400000210898F7F742FB13D04FF0FF31194880
:10915000006808F099FF01280BD11749079848606B
:109160000898886000231A4619461248006808F0DB
:1091700041FD6946204606F01DFBB0B9002100986C
:10918000F7F724FB11D04FF0FF310A48006808F0D0
:109190007BFF012809D108490098C86000231A46BE
:1091A00019460448006808F025FD4FF4FA7003F0F2
:1091B0009BF8BBE7240400207830002010B500F0B5
:1091C00001F810BD0CB500200190009033480068F4
:1091D00040F480303149086000BF3048006800F436
:1091E000003000900198401C0190009818B9019837
:1091F000B0F5A06FF1D12948006800F4003010B13B
:109200000120009001E0002000900098012843D147
:109210002348006840F010002149086008460068B3
:1092200020F0030008600846006840F00200086073
:109230001A4840681949486008464068486008462E
:10924000406840F4806048600846406820F47C1024
:1092500048600846406840F4E810486008460068E6
:1092600040F08070086000BF0C48006800F000709B
:109270000028F9D00948406820F0030007494860F9
:109280000846406840F00200486000BF034840685C
:1092900000F00C000828F9D10CBD000000100240BD
:1092A000002002401CB500F021F800F015F8002065
:1092B00005490346054ACDE9001005490548FFF771
:1092C00045FE01F097FB1CBD00007A44CDCCAC3FBD
:1092D0000000E040A030002010B5FAF759FC024928
:1092E0000868804710BD0000DC01002070B502F066
:1092F00091FC002006F024FA0446204606F03AFAD3
:1093000004F038FB042006F01BFA0546284606F058
:1093100031FA70BD1CB5044607F060FE28480421F0
:1093200000234022CDE9001026A1284808F0D8FFEC
:109330002748032100234FF48072CDE9001025A1B6
:10934000264808F0CDFF2648032100234022CDE91E
:10935000001024A1264808F0C3FF26480521002359
:109360004FF48072CDE9001023A1264808F0B8FF21
:109370002548012100230A02CDE9001023A1264837
:1093800008F0AEFF2548022100234022CDE900105D
:1093900023A1274808F0A4FF2648062100238022A5
:1093A000CDE9001024A1284808F09AFF01F04CF9FB
:1093B00007F05AFE2548006808F014F81CBD0000AC
:1093C000340400204B65795363616E00F934000862
:1093D0003804002053656E736F7200001991000805
:1093E0003C04002057696E6453706565640000009A
:1093F00025A90008400400204D6F746F72437472F9
:109400006C000000FD8A0008300400204C434444F6
:1094100069737055490000004D3500084404002070
:10942000416E74694261636B466C6F7700000000A7
:10943000690E0008480400204D6F746F7253706508
:10944000656443616C630000FD8C00082C040020FF
:109450001CB50548012100234022CDE9001003A1DD
:10946000054808F03DFF1CBD2C04002053746172B8
:10947000745461736B00000015930008042808D130
:109480004FF0E021096941F004014FF0E022116141
:1094900007E04FF0E021096921F004014FF0E022DC
:1094A0001161704710B508F037FF012801D008F0AE
:1094B000AFFA10BD10B51348006840F00100114923
:1094C000086008464068104908400E494860084650
:1094D00000680E4908400B4908600846006820F4FF
:1094E000802008600846406820F4FE0048604FF481
:1094F0001F008860FFF762FE4FF0006004490860BB
:1095000010BD0000001002400000FFF8FFFFF6FE53
:1095100008ED00E010B500200E4908704870887012
:1095200048608860C8600861486108838876C876AA
:109530000948C861002008624862012008F082FAE8
:109540000649086003220021012008F08DFA044931
:10955000086010BD783000200000E642240400209E
:109560002804002010B54FF0FF311A48006808F0B9
:109570008BFD01282DD11848007830B1012808D082
:1095800002280DD0032813D10EE0012012490870E3
:109590000EE002201049087000201049087007E012
:1095A00003200D49087003E000200B49087000BF3C
:1095B00000BF09480078022804D0002006498870BE
:1095C00004F0C4F900231A4619460248006808F05E
:1095D00011FB10BD24040020783000204C04002032
:1095E00010B54FF0FF310E48006808F04DFD01281E
:1095F00015D10C48407810B1012808D103E00120B2
:109600000849487003E000200649487000BF00BFC9
:1096100000231A4619460248006808F0EBFA10BD0C
:10962000240400207830002000B585B04FF0FF31D1
:109630002048006808F028FD012838D11E488078AD
:10964000B8B104F083F900201B498870087010201D
:10965000C8210022CDE90102CDE903104FF6FF70C9
:109660004FF61F0315A2242100903720F8F7EDFADA
:1096700016E004F063F901200F498870087010208B
:10968000C8210022CDE90102CDE903104FF6FF7099
:109690004FF61F030DA2242100903720F8F7D5FACA
:1096A00000231A4619460348006808F0A3FA05B0DB
:1096B00000BD000024040020783000204D6F746F3E
:1096C000722073746F707065642000004D6F746F4A
:1096D000722073746172746564200000F0B50C46EA
:1096E000154600220021068C4FF6FE773E40068488
:1096F000028B018C4FF60C7632407E1C06EA031674
:109700002E433243104EB0420ED0104EB0420BD01A
:10971000B0F1804F08D00E4EB04205D00D4EB04291
:1097200002D00D4EB04206D14FF6FD76314044F0E6
:109730000106314305E04FF6F576314044F001066D
:10974000314302830184F0BD002C0140003401400C
:109750000004004000080040000C0040F0B50C463A
:109760001546002200210026078C4FF6EF7C07EA01
:109770000C070784028B018C4FF6FF7707EA04166B
:1097800040F6FF473A404FF6FF7707EA03373A4380
:109790004FF6FF7707EA05273A43114FB8420ED03C
:1097A000104FB8420BD0B0F1804F08D00E4FB842E6
:1097B00005D00E4FB84202D00D4FB84206D14FF639
:1097C000DF77394046F01007394305E04FF65F7701
:1097D000394044F01007394302830184F0BD000092
:1097E000002C01400034014000040040000800400B
:1097F000000C0040F0B50C46154600220021002662
:10980000078C4FF6FF6C07EA0C070784828B018CEC
:109810004FF6FF7707EA04264FF60C773A404FF6EB
:10982000FF7707EA03172F433A43114FB8420ED090
:10983000104FB8420BD0B0F1804F08D00E4FB84255
:1098400005D00E4FB84202D00D4FB84206D14FF6A8
:10985000FF57394046F48077394305E04FF2FF5710
:10986000394044F48077394382830184F0BD00009D
:10987000002C01400034014000040040000800407A
:10988000000C0040F0B50C461546002200210026D1
:10989000078C4EF6FF7C07EA0C070784828B018C4D
:1098A0004FF6FF7707EA043640F6FF473A404FF697
:1098B000FF7707EA05273A434FF6FF7707EA0337B2
:1098C0003A43114FB8420ED0104FB8420BD0B0F10E
:1098D000804F08D00E4FB84205D00E4FB84202D08C
:1098E0000D4FB84206D14DF6FF77394046F4805708
:1098F000394305E047F6FF57394044F48057394370
:1099000082830184F0BD0000002C0140003401403E
:109910000004004000080040000C004010B5012188
:10992000880700F021FB98B10121880700F06FF84B
:109930004FF0804000F013FB28B106480068401E3D
:109940000449086004E003480068401C01490860BD
:1099500010BD0000C800002008B5002000900121C3
:109960000C4800F001FBA0B101210A4800F04FF8BB
:1099700069460948006808F02FFA00BF009838B11E
:109980004FF0805005490860BFF34F8FBFF36F8FD2
:1099900000BF08BD000800402804002004ED00E0DE
:1099A0000A884B881A438B881A43CB881A430B8941
:1099B0001A434B891A438B891A43A0F844207047F5
:1099C0000021018041808180C180018141818181AC
:1099D000704730B5002301248C40A3B2048C9C4313
:1099E0000484048C02FA01F5ADB22C43048430BD2A
:1099F00030B5002304248C40A3B2048C9C4304841F
:109A0000048C02FA01F5ADB22C43048430BDCA4384
:109A10000282704721B1028842F00102028004E014
:109A200002884FF6FE731A400280704731B1B0F8D9
:109A3000442042F40042A0F8442005E0B0F844205D
:109A4000C2F30E02A0F844207047F0B50C4615464C
:109A50001E460021002200230189028B038C4FF651
:109A6000F877394021434FF6FC473A4040F201175E
:109A70003A434FF6DD773B404FF6FF7707EA06178C
:109A80002F433B43018102830384F0BD38B5044674
:109A9000204600F037F81849A068884204D1012117
:109AA0000420FFF7AFFA12E01449A068884204D1FD
:109AB00001210820FFF7A6FA09E01149A0688842B1
:109AC00004D101211020FFF79DFA00E038BD0020ED
:109AD00000902079042800D100E018208DF80300C0
:109AE00003208DF80200A089ADF800006946A06847
:109AF000F7F730FD00BFE9E700080140000C014026
:109B0000001001405D4A016891421AD15C498160B0
:109B1000417D012902D10A028281ADE0417D022905
:109B200002D10A028281A7E0417D032903D14FF4CB
:109B300080628281A0E0417D0429EED14A028281C7
:109B40009AE00168B1F1804F19D14D498160417DA2
:109B5000012902D1012282818EE0417D022902D1B8
:109B60000222828188E0417D032902D10422828180
:109B700082E0417D04297FD1082282817CE0414A34
:109B8000016891421DD13E498160417D012902D188
:109B90004022828170E0417D022902D180228281AF
:109BA0006AE0417D032904D1374981600122828125
:109BB00062E0417D04295FD13349816002228281C4
:109BC0005AE0324A016891421AD12F498160417DA1
:109BD000012902D1402282814EE0417D022902D139
:109BE0008022828148E0417D032903D14FF48072B5
:109BF000828141E0417D04293ED1CA0182813BE05E
:109C0000234A0168914219D11D498160417D012992
:109C100002D1012282812FE0417D022902D102225C
:109C2000828129E0417D032902D10422828123E03F
:109C3000417D042920D1082282811DE0154A016856
:109C4000914219D114498160417D012902D14022FC
:109C5000828111E0417D022902D1802282810BE0C4
:109C6000417D032903D14FF48072828104E0417D5C
:109C7000042901D1CA01828170470000002C0140F3
:109C80000008014000040040000C014000080040B2
:109C9000000C0040003401400010014030B58BB092
:109CA0000446A6492068884204D10121C014FFF768
:109CB000A9F939E02068B0F1804F04D101210846AC
:109CC000FFF780F930E09E492068884204D10121E5
:109CD0000220FFF777F927E09A492068884204D1EB
:109CE00001210420FFF76EF91EE0974920688842A1
:109CF00004D101210820FFF765F915E09349206898
:109D0000884204D101211020FFF75CF90CE0904952
:109D10002068884204D101212020FFF753F903E095
:109D200001214803FFF76EF90020089009900A907E
:109D3000049005900690079001900290039020797E
:109D400028B12079052802D02046FFF79FFE208AFF
:109D5000ADF82000608AADF824000020ADF82600A0
:109D6000ADF8220075492068884203D079492068FF
:109D7000884202D1207D8DF8280008A9206800F0D3
:109D800045FB2079062872D2DFE800F003090A0BB0
:109D900067B701221146206800F04EF9B5E000BF18
:109DA00000BF2079012801D1302505E02079022863
:109DB00001D1602500E07025ADF810500120ADF80C
:109DC0001200208BADF81600A07D012801D10020E3
:109DD00000E00220ADF8180058492068884203D0FE
:109DE0005C492068884202D1608BADF81C00607D20
:109DF000012806D002280DD0032814D0042824D12D
:109E00001AE004A9206800F077F90821206800F022
:109E1000BFF91BE004A9206800F0C4F908212068FC
:109E200000F012FA12E004A9206800F01BFA0821E1
:109E3000206800F067FA09E004A9206800F06CFAD5
:109E40000821206800F0A6FA00E000BF00BF012250
:109E50001146206800F0F0F857E0207F012801D17A
:109E600000200BE0207F022802D1042006E04BE016
:109E7000207F032801D1082000E00C20ADF8040069
:109E8000607F012801D1002004E0607F022800D11A
:109E900000E00A20ADF806000120ADF80800E07FE0
:109EA000ADF80A00A07FADF80C0001A9206800F011
:109EB0006DF8207F012805D101220221206800F0E1
:109EC000BBF819E0207F022805D101220421206877
:109ED00000F0B2F810E0207F032805D1012208210C
:109EE000206800F0A9F807E0207F042804D10122AF
:109EF0001021206800F0A0F807E0218C00231A460A
:109F00002068FFF7A2FD00E000BF00BF207958B134
:109F10002079012808D02079022805D0207903284B
:109F200002D02079042802D1204600F08FF80121C8
:109F30002068FFF76FFD0BB030BD0000002C014022
:109F40000004004000080040000C004000100040E9
:109F500000140040003401400146888C70470146DF
:109F60000888C0F30010704730B502460020002377
:109F70000024158A05EA0103958905EA010413B155
:109F80000CB1012000E0002030BD000070B5054696
:109F90000C46244885420ED0234885420BD0B5F1AB
:109FA000804F08D02148854205D02148854202D003
:109FB0002048854200D100E000BF208850B92389A5
:109FC000A28861882846FFF789FBE188284600F0CF
:109FD000F0F925E0208804280AD12389A288618825
:109FE0002846FFF7BBFBE188284600F0EBF917E0B5
:109FF000208808280AD12389A28861882846FFF78B
:10A00000F9FBE188284600F0EAF909E02389A288F3
:10A0100061882846FFF736FCE188284600F0E8F919
:10A0200070BD0000002C01400034014000040040DD
:10A0300000080040000C00401AB183890B43838163
:10A0400002E083898B4383817047000038B5044662
:10A050000020009021492068884201D119252AE07A
:10A060002068B0F1804F01D11C2524E01C492068F4
:10A07000884201D11D251EE01A492068884201D17D
:10A080001E2518E018492068884201D1322512E0C7
:10A0900016492068884201D136250CE01449206811
:10A0A000884201D1372506E012492068884201D153
:10A0B0002C2500E038BD8DF8005094F822008DF872
:10A0C000010094F823008DF8020001208DF80300B0
:10A0D0006846FEF739FE00BFECE70000002C0140A7
:10A0E0000004004000080040000C00400010004048
:10A0F000001400400034014070B500240022002309
:10A10000058C4FF6FE7635400584028C8388048BDF
:10A110004FF68F752C40B51E2C400D882C43751EB4
:10A120002A400D892A434D882A43144DA8420BD05A
:10A13000134DA84208D0134DA84205D0124DA84295
:10A1400002D0124DA84213D14FF6F7752A404D891F
:10A150002A434FF6FB752A408D882A434FF6FF6548
:10A160002B404FF6FF552B408D892B43CD892B4338
:10A1700083800483CD888586028470BD002C0140D5
:10A1800000340140004001400044014000480140CB
:10A190000A460021018B4FF6F773194011430183E2
:10A1A0007047000070B5002400220023058C4FF694
:10A1B000EF7635400584028C8388048B48F6FF7562
:10A1C0002C404FF6FF452C400D884FF6FF7606EAEF
:10A1D00005252C434FF6DF752A400D8906EA051543
:10A1E0002A434D8806EA05152A43154DA84202D098
:10A1F000144DA8421DD14FF67F752A404D894FF668
:10A20000FF7606EA05152A434FF6BF752A408D886A
:10A2100006EA05152A434FF6FF352B404FF2FF752E
:10A220002B408D8906EA85052B43CD8906EA8505F5
:10A230002B4383800483CD880587028470BD000092
:10A24000002C0140003401400A460021018B4FF2EE
:10A25000FF7319404FF6FF7303EA0223194301838A
:10A260007047000070B5002400220023058C4FF6D3
:10A27000FF6635400584028C8388848B4FF68F758A
:10A280002C404FF6FC752C400D882C434FF6FF55A3
:10A290002A400D894FF6FF7606EA05252A434D88A8
:10A2A00006EA05252A43154DA84202D0144DA842BE
:10A2B0001DD14FF2FF752A404D894FF6FF7606EA11
:10A2C00005252A434FF6FF352A408D8806EA0525E5
:10A2D0002A434EF6FF752B404DF6FF752B408D89B6
:10A2E00006EA05152B43CD8906EA05152B43838025
:10A2F0008483CD888587028470BD0000002C0140D6
:10A30000003401400A460021818B4FF6F773194053
:10A31000114381837047000070B5002200230024A0
:10A32000058C4EF6FF7635400584038C8488828B3D
:10A3300048F6FF752A404FF6FF452A400D884FF634
:10A34000FF7606EA05252A434DF6FF752B400D8959
:10A3500006EA05352B434D8806EA05352B430B4DA0
:10A36000A84202D00A4DA84208D14BF6FF752C40F6
:10A370008D894FF6FF7606EA85152C43848082830B
:10A38000CD88A0F84050038470BD0000002C01402F
:10A39000003401400A460021818B4FF2FF731940BF
:10A3A0004FF6FF7303EA02231943818370478186C6
:10A3B0007047028B4FF6F3731A400283028B0A43F5
:10A3C00002837047028B4FF2FF331A400283028BE5
:10A3D0004FF6FF7303EA01231A4302837047828B0F
:10A3E0004FF6F3731A408283828B0A43828370474D
:10A3F000828B4FF2FF331A408283828B4FF6FF73BA
:10A4000003EA01231A438283704700000022028876
:10A410001D4B98420ED01D4B98420BD0B0F1804F8F
:10A4200008D01B4B984205D01A4B984202D01A4BC9
:10A43000984204D14FF68F731A404B881A43174B3A
:10A44000984207D0164B984204D04FF6FF431A406B
:10A45000CB881A4302808B8883850B8803850A4B3F
:10A4600098420BD0094B984208D00E4B984205D029
:10A470000D4B984202D00D4B984201D10B7A0386C6
:10A480000123838270470000002C0140003401400A
:10A490000004004000080040000C00400010004094
:10A4A00000140040004001400044014000480140C9
:10A4B000F0B58BB004460D4616461F460121C80272
:10A4C000FEF7A0FD284802F0C1FD284802F0BEFDBD
:10A4D000274802F0BBFDADF82440ADF820504FF402
:10A4E0000070ADF826000020ADF8220008A9214830
:10A4F000FFF78CFF6020ADF810000020ADF81800C9
:10A50000ADF81A000120ADF812000420ADF81400D7
:10A51000ADF8166004A91748FFF7EEFD08211548AD
:10A52000FFF736FE6846FFF74BFAADF806704FF4BA
:10A530000060ADF800000020ADF80200ADF80800A2
:10A54000ADF80A004FF48040ADF80C0069460948A8
:10A55000FFF726FA01210748FFF768FA01210548AD
:10A56000FFF758FA0BB0F0BD082C0108142C0108B5
:10A57000202C0108002C014030B587B005460C4660
:10A5800001210846FEF71EFD2D4802F05FFD2D4813
:10A5900002F05CFDADF81450ADF810400020ADF8AD
:10A5A000160004A94FF08040FFF730FF0020ADF8FF
:10A5B00004000A20ADF80C000020ADF806000120D0
:10A5C000ADF808000020ADF80A0001A94FF0804066
:10A5D000FFF7DCFC0420ADF804000A20ADF80C0005
:10A5E0000020ADF806000120ADF808000020ADF80D
:10A5F0000A0001A94FF08040FFF7C8FC00231A466B
:10A6000003214FF08040FFF720FA1C208DF8000056
:10A6100006208DF8010000208DF8020001208DF841
:10A6200003006846FEF790FB012211469007FFF7F2
:10A6300003FD01218807FFF7EDF907B030BD0000E9
:10A640002C2C0108382C010810B50248FFF726FB16
:10A6500010BD0000D000002070B506460025002483
:10A6600000201E4908601E49C1F8A4011D49086068
:10A67000304600F077F8062001F056FE00201A4917
:10A68000C1F88401012001F04FFE01201349086048
:10A6900001F04AFE00201449C1F8840100BF15E012
:10A6A0004FF6FF7000EA440400200C4908600120C6
:10A6B00001F03AFE01200C49C1F8840107487C38BA
:10A6C000006808B1601C84B2681CC5B2102DE7DBBD
:10A6D0002411012003490860204670BD8481214275
:10A6E00000802342AC812342008021422DE9FE43B9
:10A6F00080460027002406E04046FFF7ADFF2DF816
:10A700001400601C84B2052CF6DB002416E0601CEB
:10A7100085B20FE03DF814003DF81510884207DDC2
:10A720003DF814603DF815002DF814002DF8156063
:10A73000681C85B2052DEDDB601C84B2042CE6DBC1
:10A740000027012405E03DF81400384487B2601C5E
:10A7500084B2042CF7DB032097FBF0F086B230467E
:10A76000BDE8FE8370B50446002500BF17E004F085
:10A77000800018B101200B49086002E0002009495F
:10A7800008606006040E002007490860012001F0FF
:10A79000CBFD01200549C1F88401681CC5B2082D14
:10A7A000E5DB70BDA48123428481214200802142E7
:10A7B00021B1828942F40052828104E082894DF6FF
:10A7C000FF731A40828170471AB1838A0B438382D8
:10A7D00002E0838A8B438382704702460020B1F5F2
:10A7E000007F00D100BF13880B400BB1012000E0B7
:10A7F00000207047F0B50346002400260025002005
:10A8000040F66A17B94200D100BF1846C1F342149E
:10A8100001F01F06012707FA06F5012C01D10C30C3
:10A8200004E0022C01D1103000E014301AB10768A6
:10A830002F43076002E00768AF430760F0BD0000E8
:10A840002DE9F04786B005460E460024A24600BF1B
:10A85000A1460027B08900B100BF2F462C8A4CF6D4
:10A86000FF700440F08804432C82AC894EF6F3104C
:10A870000440B08831890843718908430443AC819E
:10A88000AC8A4FF6FF400440B0890443AC8201A873
:10A89000FEF7D8FB1F48874202D1DDF810A001E087
:10A8A000DDF80CA0A88900F4004040B10AEBCA0012
:10A8B00000EB0A1031684900B0FBF1F807E00AEB41
:10A8C000CA0000EB0A1031688900B0FBF1F864207F
:10A8D000B8FBF0F004012009642101FB1089A8896C
:10A8E00000F4004040B1322000EBC900B0FBF1F0B1
:10A8F00000F00700044308E0322000EB0910642157
:10A90000B0FBF1F000F00F0004432C8106B0BDE86D
:10A91000F087000000380140C1F3080282807047D0
:10A9200000BFFEE731E04FF0FF311848006807F044
:10A93000ABFB01280AD1164845688668C468002325
:10A940001A4619461148006807F054F92246314664
:10A95000284600F061F84FF0FF310C48006807F01E
:10A9600093FB01280ED100F015F80949086100F0A9
:10A970004DF80749887600231A46194603480068AF
:10A9800007F038F9642001F0AFFCCCE72404002084
:10A990007830002001480069704700002030002016
:10A9A0002DE9F04104462046F5F748FE8046094867
:10A9B00001694046F5F7B0FC07460749F5F7DEFCAC
:10A9C0000646F5F777FE85B2A54200DD2546284606
:10A9D000BDE8F081203000200000C842014611B1DE
:10A9E000012904D101E0B4207047DC20FCE7B42049
:10A9F000FAE7000000200449086048608860C860E9
:10AA00000861087570470000203000200148007D73
:10AA100070470000203000202DE9F04706460C4624
:10AA200015463D493046F5F771FC07463B49F5F7B9
:10AA3000A5FC3B4908604FF07E5208680021F6F7FC
:10AA4000B7FB3749086037492046F5F75FFC0746F2
:10AA50003549F5F793FC324948604FF07E5248681B
:10AA60000021F6F7A5FB2E49486030492846F5F746
:10AA70004DFC07462E49F5F781FC294988604FF0C7
:10AA80007E5288680021F6F793FB254988600846C6
:10AA900081682848F5F740FC8046214841682648EF
:10AAA000F5F73AFC81461E4801682348F5F734FC67
:10AAB00082464946F5F7D8FB07464146F5F7D4FBF1
:10AAC0001749C8600846C1681C48F5F725FC0746C9
:10AAD0001149F5F7C9FB12490861194A08690E497D
:10AAE000F6F766FB0E49086116493046F5F778FE21
:10AAF0000DD215492046F5F773FE08D213492846B2
:10AB0000F5F76EFE03D201200549087502E000202A
:10AB100003490875BDE8F0870000A04100007041BE
:10AB2000203000200000204200000C420000B4420F
:10AB30000000B4439A99193FCDCC4C3E0000A0428E
:10AB40000000C8420000E44100008C420000E642E0
:10AB50000FB4054B10B503A9044A029800F098F908
:10AB600010BC5DF814FB000071C30008380200201F
:10AB70000FB47CB50C0009AD01D0611E00E00021CE
:10AB8000CDE90001064B6A462946089800F080F995
:10AB9000002C02D0009A002111707CBC5DF814FBDF
:10ABA00097B500080FB4084B10B504A902AA039882
:10ABB00000F06EF9044602A9002000F0F7FC2046E0
:10ABC00010BC5DF814FB0000ADB50008490050EA68
:10ABD000C12018BF04204A0D18BF40F0010040F208
:10ABE000FF72B2EB515F08BF40F00200012808BFBE
:10ABF000052070472DE9F0414F1E00EBC7010446C8
:10AC0000D1E9000115461E4637F006020DD02A464E
:10AC10003346F5F798FC7F1E04EBC703D3E9002306
:10AC2000F5F7EAFB37F00602F1D1022F25D0042F09
:10AC300013D0062F18BFBDE8F0812A463346F5F73A
:10AC400082FCD4E90A23F5F7D7FB2A463346F5F709
:10AC50007AFCD4E90823F5F7CFFB2A463346F5F70B
:10AC600072FCD4E90623F5F7C7FB2A463346F5F70D
:10AC70006AFCD4E90423F5F7BFFB2A463346F5F70F
:10AC800062FCD4E90223F5F7B7FB2A463346F5F711
:10AC90005AFCD4E90023BDE8F041F5F7ADBB000054
:10ACA0000022134610460149F5F7B0BE0000F03F00
:10ACB000F5F7A2BB0022134610461146F5F7A6BED3
:10ACC00040F2013200204FF0E041F5F70EBF0000E6
:10ACD000024A00201107F5F708BF000001FDFFFF41
:10ACE00002E008C8121F08C1002AFAD17047704755
:10ACF000002001E001C1121F002AFBD170470000B3
:10AD00000149086070470000880400202DE9FF5FBA
:10AD100082B00021DDE90430020DDDF840B00343CC
:10AD200018D044F61050A2F2FF3242431514119885
:10AD300001281FD0A5EB0B00401C5FEA000A4FF072
:10AD400000064E4FDFF83891B046504615D5CAF18F
:10AD5000000413E0119801244AA3012801D16FEAED
:10AD60000B010298119AC0E90031C0E9024206B015
:10AD7000BDE8F09FCBF10000DFE704460021404A28
:10AD8000491842EB0450CDE9001012E0E00707D06B
:10AD900032463B4640464946F5F7D5FB8046894654
:10ADA00032463B4610461946F5F7CDFB06460F46A0
:10ADB0006410002CEAD1DDE90401DDE90023BAF1D9
:10ADC000000F06DAF5F7BFFB42464B46F5F7BBFB33
:10ADD00005E0F5F71BFE42464B46F5F717FE044625
:10ADE0000E460022284BF5F7BDFC03D84FF0FF308C
:10ADF000014607E00022254B20463146F5F7FCFAD4
:10AE0000F5F7DBFE102409E0002C0ADB0A22002300
:10AE1000F5F706FD039B30321A55641E50EA010215
:10AE2000F2D1641C039AC4F111031444119A012A4B
:10AE300003D0012208430DD10AE0084304D00020CA
:10AE40004FF0110B119072E7A3EB0B056D1E0DE097
:10AE50005B4504DD4FF0000205F1010504E003DA73
:10AE60004FF00002A5F10105002AECD002981199DB
:10AE7000C0E90231C0E9004579E700000000144054
:10AE80000000F03F300000000000F0430000E03F11
:10AE90002DE9FF4F95B09A46884606460025EEE11B
:10AEA000252877D100242746F94A0121039400E0A0
:10AEB000044316F8013F203B01FA03F01042F7D19A
:10AEC00030782A2811D06FF02F033078A0F13002AB
:10AED000092A16D8039A44F0020402EB820203EB1B
:10AEE00042021044761C0390EFE758F8042B0392BB
:10AEF000002A03DA504244F40054039044F0020460
:10AF0000761C30782E2816D116F8010F44F0040470
:10AF10002A280DD06FF02F023078A0F13003092BD2
:10AF200009D807EB870302EB4303C718761CF3E746
:10AF300058F8047B761C30786C280FD006DC4C283F
:10AF400017D068280DD06A2814D104E0742810D0D6
:10AF50007A280FD10DE044F400140AE044F4801480
:10AF600001E044F440147278824202D104F5801466
:10AF7000761C761C307866280BD013DC582877D0E6
:10AF800009DC002875D04528F6D04628F4D047289B
:10AF90001AD193E118E0632835D0642879D0652868
:10AFA00012D18BE1702873D008DC6728F1D06928B2
:10AFB0006FD06E280DD06F2806D1ACE073282CD04E
:10AFC000752874D0782853D05246179990476D1C35
:10AFD00054E1C4F30250022809D003280DD0D8F858
:10AFE000001004280DD00D6008F1040846E1D8F8DF
:10AFF0000010EA17C1E90052F6E7D8F800100D80FA
:10B00000F2E70D70F0E718F8041B8DF8001000202F
:10B010008DF80100EB46012003E058F804BB4FF027
:10B02000FF3061074FF0000102D40DE009F101018A
:10B030008946B9420FDA8145F8DB1BF8091000296F
:10B04000F4D108E009F1010189468142FADB1BF8DD
:10B0500009100029F6D103985346A0EB09072146B1
:10B060003846179A00F080FA284400EB090507E0FB
:10B0700044E008E10DE01BF8010B52461799904798
:10B08000B9F10109F7D2534621463846179AF2E042
:10B0900039E00A21C4F302524FF0000B0091022A5A
:10B0A00006D058F8040BC117032A09D00AE023E0A0
:10B0B00008F1070020F00702F2E80201904605E0DF
:10B0C00000B2C117042A01D140B2C117002906DA23
:10B0D0000A460021404261EB02012D2202E02205D6
:10B0E00004D52B228DF80420012203E0E20701D0D1
:10B0F0002022F7E7914657E00A2100E010214FF0A7
:10B10000000B00910BE010214FF0000B44F0040401
:10B110000827009103E008204FF0000B0090C4F3D3
:10B120000252022A05D058F8040B0021032A08D045
:10B1300008E008F1070020F00702F2E8020190465B
:10B1400003E080B2042A00D1C0B24FF00009220708
:10B150002AD53278702A07D0DDF800C08CF0100CA8
:10B160005CEA0B0C05D00EE040228DF80420012291
:10B1700008E050EA010306D030238DF804308DF842
:10B18000052002229146009B83F0080353EA0B033B
:10B190000AD150EA010201D1620705D530228DF8AB
:10B1A00004204FF001097F1E3278582A04D039A2BA
:10B1B0000C920CAA02920BE03BA2F9E75B46009AC4
:10B1C000F5F72EFB0C9B9B5C029A521E02921370A9
:10B1D00050EA0102F2D1029804A9081A00F1200BEA
:10B1E000600702D524F4803400E001275F4502DDCA
:10B1F000A7EB0B0000E0002000EB0B010090039890
:10B200004944401A0390E00306D453462146179A56
:10B21000039800F0A9F90544002706E001A852466A
:10B22000C05D179990476D1C7F1C4F45F6DBE0030E
:10B230000CD553462146179A039800F095F905441A
:10B2400004E030205246179990476D1C0099481E23
:10B2500000900029F5DC08E0029802995246007837
:10B26000491C0291179990476D1CBBF10001ABF18D
:10B27000010BF1DC5BE100F065F90544761C3078E8
:10B2800000287FF40DAE19B02846BDE8F08F00000D
:10B2900009280100303132333435363738396162AC
:10B2A0006364656600000000303132333435363770
:10B2B000383941424344454600000000600700D44D
:10B2C000062708F1070020F00700F0E80223804677
:10B2D00003F0004C5FEA0C0001D097A009E02005C4
:10B2E00001D596A005E0E00701D095A001E0AFF2FE
:10B2F0004C001390307823F0004365280CD006DC16
:10B30000452809D046281DD047287FD13BE0662834
:10B3100018D067287AD136E00021112F01DB1120E7
:10B3200000E0781CCDE9000104A90CA8FFF7EEFCB1
:10B33000DDE90D010C9A4FF0000B07F101091092A5
:10B3400000914EE04FF000400097CDE9011004A9B4
:10B350000CA8FFF7DBFCDDE90D020C9B0F994FF009
:10B36000000B91461093009211B9791C00EB010972
:10B37000B7EB090003D4C0F1FF3B07F10109A9EBCA
:10B380000700019042E0012F00DA01270021112F70
:10B3900001DD112000E03846CDE9000104A90CA828
:10B3A000FFF7B4FCDDE90D010C9A00914FF0000BA2
:10B3B000B946109221070FD4009A4A4503DA914604
:10B3C00001E0A9F10109B9F1010F05DD109AA9F118
:10B3D0000101515C3029F4D0B84202DA10F1040FB7
:10B3E00003DA0121CDE9011010E0002803DC8344D9
:10B3F000A9EB000102E0411C494500DD8946A0EBB4
:10B400000B00401C01904FF000400290200705D433
:10B410000198484502DB4FF0FF30019000208DF885
:10B420004B0002980DF14B07B0F1004F25D00220E0
:10B430000C902B200D90029800280CDA40420290CC
:10B440002D200D9007E00A210298F5F7D3F930314D
:10B45000029007F8011D0C99481E0C900029F2DC9F
:10B4600002980028EFD1791E0D980870307800F00E
:10B47000200040F0450007F8020D11A8C01BC01DB8
:10B4800002901398007800B1012000EB09010198A7
:10B4900001EBE071029801440398401A401E0390AA
:10B4A000E00306D453462146179A039800F05CF84F
:10B4B00005441398007818B15246179990476D1CAF
:10B4C000E00323D553462146179A039800F04CF821
:10B4D00005441BE0BBF1000F07DB0098584504DD75
:10B4E0001098179910F80B0001E017993020524678
:10B4F000904701980BF1010B401E05F101050190E9
:10B5000004D12E205246179990476D1CB9F10001C5
:10B51000A9F10109DEDC05E017F8010B5246179985
:10B5200090476D1C0299481E02900029F4DC534696
:10B530002146179A03989EE62D0000002B0000007C
:10B54000200000002DE9F041044600251E46174664
:10B55000880404D405E039462020B0476D1C641EE1
:10B56000F9D52846BDE8F0812DE9F04104460025D3
:10B570001E469046C80301D5302700E020278804E6
:10B5800004D505E041463846B0476D1C641EF9D528
:10B590002846BDE8F0814A68002A06D00A68531C94
:10B5A0000B6010704868401E486070470A68531C62
:10B5B0000B60107070470000F0B5C1B004460E4635
:10B5C000607A082819DB00BF1648007801280FDBD5
:10B5D00002F086F8074645203B4613A24FF48071DF
:10B5E000009001A8FFF7C4FA01A802F07DF800BF9F
:10B5F00000BF4FF0FF3041B0F0BD617A04F10C00A4
:10B6000000EB0115307828702946206800F0F8F822
:10B61000708968810020A881607A401C60720020D7
:10B62000E9E70000900000205B256C755D5B2563F9
:10B630005D2054686520414443206368616E6E65F7
:10B640006C206C69737420697320616C726561642D
:10B65000792066756C6C0D0A0000000010B5044678
:10B6600016492068884204D101214015FDF7CAFC23
:10B6700010E013492068884204D101210015FDF72C
:10B68000C1FC07E00F492068884203D10121C803AB
:10B69000FDF7B8FC4FF40040FDF778FC207A60B16C
:10B6A00008492068884204D101210220FDF77AFC74
:10B6B00003E001210846FDF775FC10BD00240140A0
:10B6C00000280140003C014010B58CB004461C49E4
:10B6D0002068884206D11B48C4F88C001A48C4F878
:10B6E000900005E01948C4F88C000220C4F89000CE
:10B6F0002C22174901A8F4F785FD183454F8180CCA
:10B700004C300190E06F0290606FF5F771FD01A978
:10B71000606FF5F71CFE0021606FF5F75DFD14F812
:10B720000F1C606FF5F731FE0121606FF5F754FDD6
:10B7300054F8180D0121F5F7A1FA0CB010BD000066
:10B74000003C014058040240000002100800024082
:10B75000F02A010838B5044600200090002542E098
:10B7600004F10C0000EB051040682149884204D127
:10B7700001210420FDF746FC25E004F10C0000EB5C
:10B78000051040681B49884204D101210820FDF7BB
:10B7900039FC18E004F10C0000EB05104068164974
:10B7A000884204D101211020FDF72CFC0BE004F1AC
:10B7B0000C0000EB051040681049884203D10121BC
:10B7C0008020FDF71FFC04F10C0000EB0510008940
:10B7D000ADF8000004F10C0101EB05114868694661
:10B7E000F5F7B8FE6D1C607AA842B9DC38BD0000E0
:10B7F00000080140000C014000100140001C014005
:10B8000070B5C2B005460C462078102876D2DFE825
:10B8100000F0080D12171C293643505D7B80858A85
:10B820008FAC6248606001202081BCE05F486060AE
:10B8300002202081B7E05D48606004202081B2E0F2
:10B840005A48606008202081ADE05948854204D103
:10B85000584860604020208103E054486060102018
:10B860002081A0E05248854204D152486060802087
:10B87000208103E04D4860602020208193E04C4807
:10B88000854204D14B4860608015208103E0474821
:10B8900060604020208186E04548854204D14548CB
:10B8A00060604015208103E0404860608020208176
:10B8B00079E03F48854204D13E4860600015208110
:10B8C00003E03D486060012020816CE038488542FB
:10B8D00015D100BF3948007801280EDB01F000FFC8
:10B8E00006464520334636A2A915009002A8FFF768
:10B8F0003FF902A801F0F8FE00BF04E052E02E4834
:10B900006060022020814EE0364860600120208186
:10B9100049E0344860600220208144E031486060A2
:10B92000042020813FE02F486060082020813AE019
:10B930001F48854214D100BF2048007801280EDB43
:10B9400001F0CEFE06464520334627A2A9150090F9
:10B9500002A8FFF70DF902A801F0C6FE00BF03E040
:10B9600020486060102020811DE01148854214D1DC
:10B9700000BF1248007801280EDB01F0B1FE064638
:10B980004520334621A2A915009002A8FFF7F0F840
:10B9900002A801F0A9FE00BF03E012486060202069
:10B9A000208100E000BF00BF42B070BD0008014030
:10B9B000003C0140001C0140000C014090000020B0
:10B9C0005B256C755D5B25635D20414443332068D6
:10B9D0006173206E6F206368616E6E656C5F390DF8
:10B9E0000A000000001001405B256C755D5B25635B
:10B9F0005D204144433320686173206E6F2063688B
:10BA0000616E6E656C5F31340D0A00005B256C75EC
:10BA10005D5B25635D204144433320686173206E84
:10BA20006F206368616E6E656C5F31350D0A0000D2
:10BA300030B585B004460D462046FFF70FFE294677
:10BA40002046FFF7B9FD2046FFF784FE2068F5F792
:10BA500021F9207A08B1012005E0607A012801DD92
:10BA6000012000E0002061684871207A08B10120BF
:10BA700000E00020616808716068006800906068FC
:10BA800040798DF80400606800798DF805006068E1
:10BA9000806802906068C0680390607A8DF810003A
:10BAA00069462068F5F746F901212068F5F7DBF8CB
:10BAB0002068F5F7C3F900BF2068F5F730F90028D2
:10BAC000FAD12068F5F7CAF900BF2068F5F710F938
:10BAD0000028FAD1207A10B12046FFF7F5FD05B015
:10BAE00030BD00002DE9F041C2B004460F461646B5
:10BAF000607AD0B900BF3548007801280FDB01F02B
:10BB0000EFFD80464520434631A24FF480710090FE
:10BB100002A8FFF72DF802A801F0E6FD00BF00BF64
:10BB20004FF0FF3042B0BDE8F0814FF0FF3500200C
:10BB300009E004F10C0101EB00110978B94201D1CF
:10BB4000054603E0401C617A8142F2DC00BF002D13
:10BB500017DA00BF1D48007801280FDB01F0C0FD97
:10BB600080464520434622A24FF48071009002A8EF
:10BB7000FEF7FEFF02A801F0B7FD00BF00BF284698
:10BB8000D0E704F10C0202EB0512937A04F10C02E7
:10BB900002EB0512117801222068F5F7F3F8012174
:10BBA0002068F5F750F900BF02212068F5F7AEF8DC
:10BBB0000028F9D02068F5F7A5F83080318804F125
:10BBC0000C0000EB051081810020ABE79000002005
:10BBD0005B256C755D5B25635D206E6F206368611E
:10BBE0006E6E656C2072656769737465720D0A000C
:10BBF0005B256C755D5B25635D2066696E64206EF8
:10BC00006F2074686973206368616E6E656C0D0ADD
:10BC10000000000010B5024803F06CFE10BD0000EB
:10BC20008802002070B50446E568282000F05CFB1F
:10BC3000287800F0FFF810B16FF0010070BD0A2005
:10BC400000F052FB00F05AF810B16FF00100F5E778
:10BC50000020F3E72DE9FC5F05460C46EE68002066
:10BC6000009000F055F918B16FF00200BDE8FC9F9C
:10BC7000502000F039FB694601A800F0EBF810B144
:10BC80006FF00200F2E70198F4F7D8FC83464FF01A
:10BC90009341F4F773FB82461449F4F73DFB814668
:10BCA0001349F4F733FB07460098F4F7C7FC8246C4
:10BCB0004FF09341F4F762FB81460E49F4F72CFBF9
:10BCC00080460198A0600098E06038467168F4F7FB
:10BCD000CBFA20604046B168F4F7C6FA60600648C7
:10BCE0000068804720610020C0E700000000484352
:10BCF000000048420000C8429800002010B500BF74
:10BD00004B480089082818DA494800680068484903
:10BD1000097A8A000F2191408843454909680860E3
:10BD20004348006800684249097A8A00032191402B
:10BD300008433F490968086019E03D4800684068C9
:10BD40003B49097A08398A000F21914088433849D4
:10BD5000096848603648006840683549097A0839FA
:10BD60008A0003219140084331490968486000BFB7
:10BD700000BF2F480089082818DA2D48006800689D
:10BD80002B49097A8A000F21914088432849096884
:10BD900008602748006800682549097A8A0003215D
:10BDA0009140084322490968086019E0204800686A
:10BDB00040681F49097A08398A000F219140884359
:10BDC0001B49096848601A48006840681849097AA0
:10BDD00008398A00032191400843154909684860E1
:10BDE00000BF1348F6F724FF70211148F6F750FD05
:10BDF0000F48F7F701FABE210D48F6F749FD0C4848
:10BE0000F7F7FAF908210A48F6F742FD0848F7F76C
:10BE1000F3F900210648F6F73BFD0548F7F7ECF982
:10BE20000348F7F777F80A2000F05EFA002010BD0B
:10BE3000602C010810B504460548047000F098F81D
:10BE400000F0080008B1002010BD0020FCE7000051
:10BE5000050100202DE9FC4705460E464FF0000A7B
:10BE600005B116B90120BDE8FC8709E0012000F00A
:10BE70003BFA5046411C1FFA81FA642800DB05E0BA
:10BE800000F076F800F080000028EFD100BF1F48D6
:10BE9000F6F7CEFE71211D48F6F7FAFC1B48F7F7BE
:10BEA000ABF9074600240FE0052C04DA0FB9012096
:10BEB00002E0002000E0384602460DEB0401134882
:10BEC000F6F792FB601CC4B2062CEDDB0F48F7F7C7
:10BED00021F89DF8010000039DF8021040EA0110CE
:10BEE0009DF8031040EA11189DF803000007000BAD
:10BEF0009DF8041040EA01209DF8051040EA010970
:10BF0000C5F80090C6F800800020ACE7602C01085E
:10BF100010B51248F6F78CFE70211048F6F7B8FC01
:10BF20000E48F7F769F9AC210C48F6F7B1FC0B485D
:10BF3000F7F762F933210948F6F7AAFC0748F7F743
:10BF40005BF900210548F6F7A3FC0448F7F754F91C
:10BF50000248F6F7DFFF002010BD0000602C01084A
:10BF600010B5024800F00CFF10BD0000502C010875
:10BF700038B50C48F6F75CFE71210A48F6F788FCE4
:10BF80000848F7F739F90446224669460548F6F7A6
:10BF90002BFB0448F6F7B6F90248F6F7BBFF9DF80D
:10BFA000000038BD602C010810B5024800F0E8FE22
:10BFB00010BD0000842C01082DE9F04107460D4614
:10BFC00016461C46A0460DE03246761C29466B1CE0
:10BFD0009DB2384600F00AF810B90020BDE8F081A3
:10BFE000601E84B2002CEFD10120F7E72DE9F0416B
:10BFF00007460C4616463846F6F71AFE2546E01761
:10C0000004EB10600012A02202EB4000C1B23846DF
:10C01000F6F73EFC3846F7F7EFF810B10020BDE820
:10C02000F0812546E01704EB10600012A4EB00201D
:10C03000C1B23846F6F72CFC3846F7F7DDF808B100
:10C040000020ECE73846F6F7F3FDA1213846F6F775
:10C050001FFC3846F7F7D0F808B10020DFE70022D0
:10C0600031463846F6F7C0FA3846F6F753FF012056
:10C07000D5E72DE9F04107460E4614461D46A84671
:10C080000BE014F8012B3146731C9EB2384600F0C9
:10C090000BF810B90020BDE8F081281EA5F10101C0
:10C0A0008DB2EED10120F6E72DE9F04107460C46AE
:10C0B00016463846F6F7BCFD2546E01704EB10603F
:10C0C0000012A02202EB4000C1B23846F6F7E0FBB6
:10C0D0003846F7F791F810B10020BDE8F081254609
:10C0E000E01704EB10600012A4EB0020C1B2384648
:10C0F000F6F7CEFB3846F7F77FF808B10020ECE7FB
:10C1000031463846F6F7C4FB3846F7F775F808B1FC
:10C110000020E2E73846F6F7FDFE0A2000F0E4F8DA
:10C120000120DAE72DE9F04107460C461546B879BB
:10C1300018B96FF00200BDE8F08104B10DB900201C
:10C14000F9E7002610E0384600F048F8284600F0ED
:10C15000CBF8384600F033F8601EB04202DD2846C6
:10C1600000F0C2F8701CC6B2A642ECDB0020E2E789
:10C170002DE9F04107460C4615469846B87918B99E
:10C180006FF00200BDE8F08104B10DB90020F9E7BD
:10C19000002610E0384600F021F8284600F0A4F808
:10C1A000384600F00CF8601EB04202DD404600F058
:10C1B0009BF8701CC6B2A642ECDB0020E2E710B58B
:10C1C0000446A07910B96FF0020010BD002120468E
:10C1D00003F0B0FB0020607100BFF6E710B5044625
:10C1E000A07910B96FF0020010BD0121204603F0C4
:10C1F000A1FB012060710020F6E710B504460CB1E8
:10C20000206810B94FF0FF3010BD607910B16FF0A9
:10C210000300F9E7206800F019FF0021204603F031
:10C2200089FB002060710120A0710020ECE770B54F
:10C230000446A07910B96FF0020070BD204600F0EE
:10C240004BFA0546207930B9012D01D1012000E0DB
:10C250000020064604E00DB9012000E0002006465B
:10C2600086F00101204603F065FB6079012801D0CA
:10C27000012000E0002060710020DEE710B50248D8
:10C2800004F03EFB10BD00005C02002010B504204D
:10C29000FDF7F4F8104800681049B0FBF1F01049C0
:10C2A00008700D4800680D49B0FBF1F44FF47A7046
:10C2B000444301200B4908804FF0E020006940F022
:10C2C00002004FF0E021086108464461006940F037
:10C2D0000100086110BD00007404002040420F00FE
:10C2E000920000209400002070B5044606F014F877
:10C2F000012810D00B480088844206D309480088E2
:10C30000B4FBF0F5284605F02BF806480088B4FB8E
:10C31000F0F100FB11444FF47A7104FB01F000F0DE
:10C3200003F870BD9400002070B5034600224FF062
:10C33000E02675690D4E367803FB06F44FF0E026D3
:10C34000B16910E04FF0E026B06988420BD0884216
:10C3500002D20E1A324402E02E1A0E443244014632
:10C36000A24200D300E0EDE700BF70BD92000020C4
:10C3700000BF054A128802F04002002AF9D0C2B27A
:10C38000014B1B1D1A8070470038014010B5C4B026
:10C3900001218020FCF736FE4FF40060ADF8080163
:10C3A00010208DF80B0103208DF80A0142A93848AE
:10C3B000F5F7D0F802213648F5F79CF94FF4806084
:10C3C000ADF8080148208DF80B0142A93048F5F777
:10C3D000C1F84FF480612E48F5F78CF9F4F7B0FD01
:10C3E00000202C4908601420FFF77EFF01202A4915
:10C3F000C1F8AC013220FFF777FF00208DF80C0167
:10C40000012243A9F5F77DF8012243A9A420F5F7FD
:10C4100078F816208DF80C01012243A98020F5F749
:10C4200070F80C208DF80C01012243A98820F5F743
:10C4300068F8022243A9A120F5F737F89DF80C010E
:10C44000302823D19DF80D0103281FD100BF1348C8
:10C450000078042816DB01F043F904469DF80D012D
:10C460009DF80C1100EB0120442123460CA2CDE9DC
:10C4700000104FF4807102A8FEF77AFB02A801F0C9
:10C4800033F900BF00BF002044B010BD0120FBE71E
:10C49000001C0140AC812342008023429000002018
:10C4A0005B256C755D5B25635D20435450204944DA
:10C4B0003A25780D0A0D0A00F1B5C6B00024002611
:10C4C00073480078401C72490870084600780A21B9
:10C4D00090FBF1F201FB120018B16D4800780A28B8
:10C4E0007DDA012246A90220F4F7DFFF9DF818014A
:10C4F00000F00F00002872D09DF8180100F00F0026
:10C500000628EDDA9DF8180100F00F01FF208840A1
:10C51000C5B2E843C0B240F0C0005E4981F82000D7
:10C5200000247CE05B4890F820000121A1400840F5
:10C53000002872D0584931F81400042245A9F4F7B4
:10C54000B4FF544890F8300000F00100C0B19DF8ED
:10C5500015019DF8141101F00F0100EB01214D4868
:10C56000163020F814109DF817019DF8161101F0EF
:10C570000F0100EB012047490C3121F814001AE0AB
:10C580009DF815019DF8141101F00F0100EB012039
:10C59000C0F5F07081B23F480C3020F814109DF8BF
:10C5A00017019DF8161101F00F0100EB0120394928
:10C5B000163121F814009DF8140100F0F0008028D5
:10C5C00007D000213348163020F814100A3820F81C
:10C5D000141000BF3148007804281DDB00E02CE077
:10C5E00001F07EF807462B48163030F81400294930
:10C5F0000C3131F81410CDE90141CDE9034044205C
:10C600003B4627A24FF48071009005A8FEF7B0FAD0
:10C6100005A801F069F800BF00BF601CC4B2052C7A
:10C6200080DB01261B48808920B91A48C08A08B9D6
:10C63000002046900020164908709DF8180100F06F
:10C640001F00D0B9134890F8200000F0800040B1DE
:10C65000104890F8200020F080000E4981F820005A
:10C660000BE04FF6FF700B498881C882084690F8AE
:10C67000200000F0E00081F8200005480078F02854
:10C6800002DD0A2002490870304647B0F0BD0000C4
:10C6900012020020DC010020B02C010890000020D4
:10C6A0005B256C755D5B25635D20785B25645D3A79
:10C6B00025642C795B25645D3A25640D0A0D0A001A
:10C6C0000146042902DC881D40B27047092901DCBB
:10C6D0001720FAE72820F8E710B50446206800F094
:10C6E00075FC10BD0146886808B18868704701482C
:10C6F000FCE700000C04002010B54FF08040FDF76F
:10C700002BFC0249096800EB014010BDC800002065
:10C710001F49C26811601F4A0168914208D11C4933
:10C720004431C26811621A495831C26851622DE021
:10C73000194A0168914208D115498031C2681162D5
:10C7400013496C31C268516220E0144A0168914279
:10C7500008D10F491C31C26811620D493031C268DD
:10C76000516213E00E4A016891420BD10D49C26833
:10C7700011600C495831C26811620A493031C268EF
:10C78000516203E00021C2681160704700BFFCE7FE
:10C7900000000240003801400044004000480040D2
:10C7A000004C0040000402402A4A016891420CD12A
:10C7B0002949426811604915426811812649426839
:10C7C000516009154268518142E0244A0168914252
:10C7D0000CD12149426811600421426811811E492F
:10C7E0004268516008214268518131E01C4A016869
:10C7F00091420CD11B4942681160091542681181B0
:10C80000184942685160C9144268518120E0164AB3
:10C81000016891420CD115494268116009154268BE
:10C820001181124942685160C914426851810FE078
:10C830000F4A016891420BD10C494268116089147A
:10C84000426811810B49426851600421426851815C
:10C8500070470000003801400008014000440040DB
:10C8600000480040000C0140004C00400010014016
:10C87000005000400014014010B504462046FFF768
:10C8800093FF207D00F0010010B12046FFF740FF2C
:10C89000207D00F0020010B1204600F001F810BD2C
:10C8A0002B4A016891420CD125210269526811700E
:10C8B0000E210269926811700F210269926851700D
:10C8C00043E0244A016891420CD126210269526852
:10C8D0001170112102699268117010210269926829
:10C8E000517032E01C4A016891420CD12721026943
:10C8F000526811700C210269926811700D21026951
:10C900009268517021E0154A016891420CD134219E
:10C910000269526811703B210269926811703A21D4
:10C9200002699268517010E00D4A016891420BD182
:10C9300035210269526811700021026992681170F4
:10C9400002699268517000E0704700BFFCE7000088
:10C95000003801400044004000480040004C0040C6
:10C960000050004010B5C6B001218020FCF74AFB02
:10C970004FF40060ADF80C0110208DF80F0103207A
:10C980008DF80E0143A95048F4F7E4FD02214E480A
:10C99000F4F7B0FE4FF48060ADF80C0148208DF83C
:10C9A0000F0143A94848F4F7D5FD4FF4806146488C
:10C9B000F4F7A0FEF4F7C4FA0020444908600A2006
:10C9C000FFF792FC01204249C1F8AC010A20FFF7B1
:10C9D0008BFC4FF48060ADF80C0128208DF80F011E
:10C9E00043A93948F4F7B6FD4FF480613648F4F7AF
:10C9F0007FFE6420FFF778FC042244A948F240102F
:10CA0000F4F77AFE00208DF8140100BF3148007859
:10CA1000042811DB00F064FE044644A844212346A8
:10CA20002DA2CDE900104FF4807103A8FEF7A0F805
:10CA300003A800F059FE00BF00BF2DA144A8F3F7E2
:10CA400005FC00283DD102208DF81001012244A9E7
:10CA500048F24000F4F7B0FE012244A948F2470032
:10CA6000F4F74AFE9DF8100160281BDA00BF194850
:10CA70000078042812DB00F033FE04469DF8100114
:10CA8000442123461CA2CDE900104FF4807103A875
:10CA9000FEF76EF803A800F027FE00BF00BF0120DC
:10CAA000F4F75CFE0A20FFF71FFC00208DF8100150
:10CAB000012244A948F24000F4F77EFE002046B06F
:10CAC00010BD0020FBE70000001C0140AC812342A8
:10CAD00000802342900000205B256C755D5B256320
:10CAE0005D204354502049443A25730D0A0D0A0035
:10CAF00039313437000000005B256C755D5B2563C0
:10CB00005D2044656661756C74205665723A2564D3
:10CB10000D0A0D0A00000000F1B5C8B0002400267F
:10CB20008A480078401C89490870084600780A2124
:10CB300090FBF1F201FB120018B1844800780A283A
:10CB40007DDA012248A948F24E10F4F7D5FD9DF890
:10CB5000200100F0800068B19DF8200100F00F0076
:10CB6000062807DA00204690012246A948F24E1016
:10CB7000F4F722FE9DF8200100F00F0000285ED09F
:10CB80009DF8200100F00F000628D9DA9DF8200159
:10CB900000F00F01FF208840C0B246906C4890F82A
:10CBA00020509DF81801C043C0B240F0C000684951
:10CBB00081F82000084681898182C18AC1830024CE
:10CBC00069E0634890F820000121A1400840002856
:10CBD0005FD0604931F81400042247A9F4F78CFDB6
:10CBE0005B4890F8300000F00100C0B19DF81C01D6
:10CBF0009DF81D1100EB012081B25548163020F838
:10CC000014109DF81E019DF81F1100EB0120C0F5C6
:10CC1000487081B24E480C3020F8141017E09DF88F
:10CC20001C019DF81D1100EB012081B248480C3019
:10CC300020F814109DF81E019DF81F1100E05AE025
:10CC400000EB012081B24248163020F8141000BFDA
:10CC50004148007804281BDB00F042FD07463C48B1
:10CC6000163030F814003A490C3131F81410CDE97F
:10CC70000141CDE9034044203B4638A24FF4807186
:10CC8000009006A8FDF774FF06A800F02DFD00BF78
:10CC900000BF601CC4B2052C93DB01262C488089A0
:10CCA00036490988884205DC2948C08A33494988C1
:10CCB00088421DDD9DF8200100F00F0001280ADDEB
:10CCC0002348C089224988810846008BC8820020F9
:10CCD0001E4908700FE01E48808A1D498881084659
:10CCE000C08BC88280204890084680F8205002E01F
:10CCF0000020164908709DF8200100F08F00802860
:10CD00001AD1134890F8200000F0800040B110487C
:10CD100090F8200020F080000D4981F820000BE001
:10CD20004FF6FF700A498881C882084690F82000B3
:10CD300000F0E00081F8200004480078F02802DDCF
:10CD40000A2002490870304649B0F0BD13020020A5
:10CD5000DC010020722D0108900000205B256C751D
:10CD60005D5B25635D20785B25645D3A25642C79E5
:10CD70005B25645D3A25640D0A0D0A001030002021
:10CD800070B50446A568284600F060F900BF207918
:10CD900000B970BD2068F5F7B1F8E168206800F0CF
:10CDA00007F801212068F5F79DF800BFF1E70000C2
:10CDB0007FB505460C4604B97FBD11498D4202D1AD
:10CDC0004FF4001101E04FF4800108460121FCF707
:10CDD000F9F820680090A088ADF80400E088ADF86C
:10CDE00006002089ADF80A006089ADF80C00207BB0
:10CDF000ADF8080069462846F5F70EFA00BFDBE7F4
:10CE00000054004038B5044600200090A088ADF8DA
:10CE1000000004208DF8030069462068F4F79AFBAF
:10CE20001F492068884204D100210420FCF7EAF859
:10CE300034E01C492068884204D100210820FCF716
:10CE4000E1F82BE018492068884204D10021102025
:10CE5000FCF7D8F822E015492068884204D1002167
:10CE60002020FCF7CFF819E011492068884204D14E
:10CE700000214020FCF7C6F810E00E4920688842E7
:10CE800004D100218020FCF7BDF807E00A492068A2
:10CE9000884203D100218015FCF7B4F838BD0000AA
:10CEA00000080140000C0140001001400014014046
:10CEB00000180140001C0140002001402DE9F0470E
:10CEC00006460EB9BDE8F087B08800F086F8054642
:10CED0002C462046E11704EB91718F10E11704EB0B
:10CEE00091718910A4EB810189064FEA11690E48FE
:10CEF00000EB8708D8F800000F2101FA09F18843F8
:10CF0000C8F80000094800680121A140884307498A
:10CF100008602046FFF7D4FB8246FBF709FF304646
:10CF2000FFF770FF00BFCDE708000140000401409B
:10CF3000F0B503463BB1186828B1988818B19888B5
:10CF4000411E084008B1FF20F0BD988800F045F868
:10CF50000446082C06DA18680068A100C84000F0F2
:10CF60000F0507E018684068A4F108018900C8406F
:10CF700000F00F0505F00307C5F38106A7B926B138
:10CF8000012E04D0102E0DD103E00020DCE7042098
:10CF9000DAE71868C0689988084008B14820D3E7E4
:10CFA0002820D1E7FF20CFE736B1012E06D0022E90
:10CFB00006D0032E08D105E01020C5E71420C3E7F2
:10CFC0001820C1E71C20BFE7FF20BDE710B50446CD
:10CFD000A1882068F4F783FB10BD0146002211B13F
:10CFE000481E084008B1FF20704702E04910501C5D
:10CFF000C2B201F001000028F8D00F2A01DDFF20A5
:10D00000F2E71046F0E710B50446A1882068F4F76F
:10D010006FFB10BD2DE9F04104460E46A088FFF7D6
:10D02000DCFF0746A1882068F4F750FBB04202D02D
:10D030000120BDE8F0812046FFF77AFF0546A07980
:10D04000A84201D00120F4E70020F2E738B50446F9
:10D05000002000902068F4F709FB05460121FBF74A
:10D06000D1FFA088ADF80000A0798DF80300E07929
:10D0700008B9032000E0E0798DF8020069462068D5
:10D08000F4F768FA207A60B1207A012804D1A188E7
:10D090002068F4F72FFB05E0A1882068F4F728FB4F
:10D0A00000E038BD00BFFCE710B50446A188206849
:10D0B000F4F720FB10BD00002DE9F04105460F46B6
:10D0C0000DB9BDE8F081A888FFF787FF0446FF2C63
:10D0D00000D1F6E7B7B126460F4800680121B140FC
:10D0E000084070B10C4801680120B04081430A48F3
:10D0F00001603046FFF7E4FA80464046FBF718FE31
:10D1000000BF00BF2868F4F7B1FA06460021FBF71C
:10D1100079FF00BFD5E70000000401402DE9F04190
:10D12000054688460DB9BDE8F081A888FFF755FF90
:10D130000446FF2C00D1F6E7B8F1000F1FD02646B9
:10D14000134800680121B1400840B8B91048006890
:10D150000121B14008430E4908603046FFF7B0FA9C
:10D160000746384600F01F02012191404209920013
:10D1700002F1E022C2F8001100BF00BF00BF286822
:10D18000F4F774FA06460121FBF73CFF00BFCAE73B
:10D190000004014019B1828803681A6102E08288A4
:10D1A00003685A617047000010B5054800F0ACF8FC
:10D1B000044800F0A9F8044800F0A6F810BD0000EB
:10D1C0001803002070030020C403002010B503489A
:10D1D00000F058F9024800F055F910BD180300207E
:10D1E000700300207FB504460D46A06A00B97FBDDC
:10D1F0000020009001900290039020680068009049
:10D2000020798DF804008DF8055094F83D008DF8D4
:10D210000C0094F83E008DF80D00022D07D0042D6F
:10D2200005D0082D03D0102D01D0202D05D10648A2
:10D2300000688047616B401A02906846D4E90A2171
:10D24000904700BFD3E700009800002010B50446C7
:10D250002046FFF7FBFE10BD70B504460D4604B92D
:10D2600070BD207910B1012848D122E060790828EA
:10D2700013D004DC022815D0042817D104E01028AC
:10D280000AD0202812D109E0FCF76CF91D4864226D
:10D290000121836998470AE009E008E01948C1685C
:10D2A000884704E017480169884700E000BF00BFD5
:10D2B00025E06079082815D004DC022817D004285E
:10D2C00019D104E010280AD0202814D10BE0FCF773
:10D2D00087F90C4864220121836998470CE0FCF728
:10D2E000A3F909E008E00748C168884704E0054859
:10D2F0000169884700E000BF00BF00E000BF00BF39
:10D3000000BFADE71802002070B5044624B12068C4
:10D3100010B12068806810B96FF0060070BD2068F9
:10D3200081682046884705463DB10320A071606AA8
:10D33000401C60626FF00100F0E70220A071002045
:10D340006062206220616061A061E06100BFE5E78A
:10D3500010B50446E1680868F6F7D5F8002010BD5E
:10D3600010B50446E1680868FFF770FF002010BDA3
:10D3700070B504460D46E1680868F6F7CAF8064637
:10D3800020680068286020792871E0684079B04200
:10D3900001D1012000E00020A871002070BD10B56F
:10D3A0000446E068F6F7BCF810B16FF0090010BD54
:10D3B0000020FCE710B50446E068F6F7B8F8002056
:10D3C00010BD10B50446E068F6F7B8F8002010BDAF
:10D3D0002DE9F04704460E462CB1206818B12068AC
:10D3E000006900B11EB96FF00600BDE8F087A079B2
:10D3F000012801D1C01FF8E7A079022802D06FF000
:10D400000500F2E71E480068804781462046FFF786
:10D4100069F907464FF00008787C401C00F0FF0ACD
:10D420006FF0020500BF2068314602692046904730
:10D43000054605B905E008F1010000F0FF08D045F8
:10D44000F1DB00BF5DB1606A401C6062A168897C4D
:10D45000606A884201D30120A0712846C5E796E89A
:10D460000F0010340FC4203CC4F8209000206062EC
:10D47000A079022801D00220A0710020B5E70000A9
:10D4800098000020014609B1086810B96FF0060045
:10D49000704711480078082802DB6FF00100F7E7B9
:10D4A000002208E00D4850F82200884201D10020F7
:10D4B000EEE7501CC2B2084800788242F2DB064810
:10D4C00002780078401C044B1870044840F8221081
:10D4D0000020887100BFDBE70804002058300020DE
:10D4E0002DE9FF41044624B1206810B1206800698D
:10D4F00020B96FF0060004B0BDE8F081A0790228E1
:10D5000002D194F83C0010B96FF00500F3E76946CA
:10D510002046FFF75DFF8046B8F1000F01D040467E
:10D52000E9E75B480068804705462046FFF7DAF8E0
:10D5300006469DF8067094F83000052871D2DFE8A1
:10D5400000F0030C3041710037B1012084F8300045
:10D550006563002084F83D0097E02FB9002084F82F
:10D56000300084F83D001BE0606B281A3168884267
:10D5700016D394F83D0002280CD184F83000002026
:10D5800084F83D0008212046FFF72CFE0120414988
:10D59000087005E0022084F83000012084F83D0086
:10D5A00073E01FB9042084F830000AE0606B281A89
:10D5B0007168884205D3032084F83000012084F884
:10D5C0003E0062E0B7B9002084F8300032480078AD
:10D5D000012807D100203049087002212046FFF7BA
:10D5E00001FE52E010212046FFF7FCFD002084F8E8
:10D5F0003D0015E094F83E10F268706801FB0200EF
:10D60000616B691A88420BD894F83E00401C84F87C
:10D610003E0020212046FFF7E5FD01201E4908704D
:10D6200033E02CE0A7B1606B281AB168884207D2BA
:10D63000012084F830006563022084F83D001DE07D
:10D64000012084F830006563002084F83D0015E077
:10D65000606B281AB168884210D3002084F830002B
:10D6600084F83D000B480078012803D100200949C7
:10D6700008700AE004212046FFF7B4FD05E0002011
:10D6800084F8300084F83D0000BF00BF002032E77E
:10D6900098000020210400202004002070B50026FE
:10D6A000002509E0094951F82500FFF719FF044654
:10D6B00004B10126681CC5B2054800788542F1DB3B
:10D6C00016B16FF00A0070BD0020FCE75830002052
:10D6D0000804002010B5F6F7F9F9FAF793FF10BD2A
:10D6E00010B504F029FE10BD10B50446204600F028
:10D6F00001F810BD10B504460DE000BF08490868E8
:10D700008021FDF76AF80028F8D014F8011B044ABC
:10D710001068FDF701F920780028EED110BD000057
:10D720005C020020F4F7A6FBFBF7BCFDFBF7F2FE62
:10D73000FBF78EFE04F020F800BFFEE710B50446AC
:10D74000002211460B48FCF744F900221146094813
:10D75000FCF74EF92CB9042200210648FCF748F9E1
:10D7600006E0012C04D1012200210248FCF731F926
:10D7700010BD0000002C01402DE9F04F8DB0054692
:10D780000E464B480088401C4949088008460088DE
:10D79000B04204DA474800680DB0BDE8F08F0020C1
:10D7A0004349088044480068A5EB000942480560E9
:10D7B000DFF808B13046F2F741FF01460B904048D0
:10D7C000F2F7DCFD82464846F2F72FFF51460C90F7
:10D7D000F2F7A2FD80463B49F2F79EFD044659460A
:10D7E000F2F7CCFD074638490A780978491C364BD0
:10D7F0001970364941F82270184600780A2853DB20
:10D800000020194608702822304903A8F2F7FAFCD4
:10D810004FF000081FE0002417E003AB621C53F830
:10D82000221003AA52F82400F2F7DAFF0CD203A95F
:10D8300051F8240003AA611C52F8211042F8241068
:10D84000611C42F8210000BF641CC8F10900A0421D
:10D85000E3DC08F10108B8F1090FDCDB4FF0000A46
:10D86000022407E003A850F824105046F2F7FCFC0D
:10D870008246641C082CF5DB15495046F2F77EFD04
:10D880000290144801900B4801681348F2F744FDD8
:10D89000044610480299F2F73FFD80462146F2F710
:10D8A000E3FC0449086000BF0248006874E7000018
:10D8B000FC000020F8000020000100200000A5442A
:10D8C00000007A440000704204010020D82F00209C
:10D8D0000000C0408FC2F53EB81E053F10B5044899
:10D8E0000078FFF72BFF00F031F800F027F810BDAB
:10D8F000F400002070B505462846F2F7C2FE044643
:10D90000002C06DB0020FFF719FFA0B200F00AF898
:10D9100006E00120FFF712FF614288B200F002F832
:10D9200070BD000010B50446B4F57A7F03DC2146D3
:10D930000148FCF73CFD10BD002C014010B5024829
:10D94000FFF7B2FB10BD0000202C010810B500222B
:10D9500011460648FCF73DF8002211460348FCF743
:10D9600047F80348FFF74FFB10BD0000002C0140B3
:10D97000202C010810B5024801F0BCFF10BD0000CA
:10D98000CC02002070B50446E5682E68304600F0F1
:10D99000F1F8304600F018F810B16FF0010070BDDA
:10D9A0000020FCE7F8B504460D4600200090E6682C
:10D9B0006946306800F006F96A463146284600F0AC
:10D9C00057F80020F8BD00002DE9F84F0446002765
:10D9D0004FF00A0A002635E06A460421E068FEF7A7
:10D9E00081F810B10120BDE8F88FBDF80000F2F712
:10D9F00025FE83461849F2F7C1FC81461749F2F724
:10DA00008BFC054616492846F2F7EAFE0ED2294657
:10DA10001448F2F77BFC83464FF07C51F2F77CFC14
:10DA200081462946F2F7AAFC804601E0DFF83880FB
:10DA300041463846F2F718FC07466420FEF774FCAE
:10DA4000701CC6B20A2EC7DB08493846F2F796FCAE
:10DA500060600020C7E7000000F07F45333353408B
:10DA60000AD7233C0000A0409AF9794400002041E5
:10DA70002DE9F04F89B0044689469246BAF8000075
:10DA80002061BAF80000F2F7D9FD06464FF08B414D
:10DA9000F2F774FC05462F49F2F73EFC8346C4F8C2
:10DAA00004B02D495846F2F79BFE0ED259462B483A
:10DAB000F2F72CFC06464FF07C51F2F72DFC0546A0
:10DAC0005946F2F75BFCA06001E02548A060D9F858
:10DAD000001048682049F2F783FE07D2D9F80020E9
:10DAE0005168A068F2F74AFCE06002E04FF07E5017
:10DAF000E060D9F80400F2F70AFECDE90401194804
:10DB0000A168F2F73BFC0190F2F701FE07464FF0E7
:10DB10006042154B00F0BCF905460022134BF2F7AA
:10DB200012FDCDE90201DDE90423F2F765FCCDE940
:10DB30000601F2F72FFE2060D9F8002091682068D6
:10DB400000F02AF820750A4800688047A06109B0F3
:10DB5000BDE8F08F333353400AD7233C0000A04088
:10DB60009AF979444FAFB841F0F4E43F00005940CE
:10DB70009800002010B50446044860600448A06086
:10DB8000044800688047206110BD0000000020416B
:10DB900000005C439800002070B504460D462946FD
:10DBA0002046F2F71DFE01D8012070BD0020FCE7E1
:10DBB00010B502490248FDF73BFF10BD08010020E7
:10DBC00028010020F8B504460D46002600270FE086
:10DBD0006A460421E068FDF785FF08B10120F8BD21
:10DBE000BDF8000006446420FEF79EFB781CC7B217
:10DBF0000A2FEDDB0A20B6FBF0F028800020EEE7CC
:10DC000010B50170427083700124C47010BD000013
:10DC10001CB50020019001218020FBF7F3F94FF49F
:10DC20000060ADF8000010208DF8030003208DF88F
:10DC3000020069461B48F3F78DFC02211948F3F7EF
:10DC400059FD4FF48060ADF8000048208DF80300C6
:10DC500069461448F3F77EFC4FF480611148F3F7EE
:10DC600049FDF3F76DF900200F4908606420FEF7C5
:10DC70003BFB01200D49C1F8AC016420FEF734FBE9
:10DC80000120FBF7D4F8012201A94FF45060FBF703
:10DC90009DF89DF80400802801D100201CBD0120C2
:10DCA000FCE70000001C0140AC81234200802342BD
:10DCB0002DE9F14F82B04FF0000AD3466C4800784E
:10DCC000401C6B490870084600780A2190FBF1F26D
:10DCD00001FB120018B1664800780A287EDA01229A
:10DCE00002A90020FBF772F89DF8080000F01F0061
:10DCF000002873D09DF8080000F01F0040F0C0001D
:10DD00005C4981F820004FF0000A76E0594890F80D
:10DD10002000012101FA0AF10840002869D0564983
:10DD200031F81A00042201A9FBF750F8514890F885
:10DD3000300000F0010078B39DF807109DF8062030
:10DD400001EB0220F2F77FFC06464C4A4C4BF2F7FF
:10DD5000FAFB0446F2F7C2FC81B24648163020F8BE
:10DD60001A109DF805109DF8042001EB0220F2F72F
:10DD70006AFC0646434A444BF2F7E5FB8046002224
:10DD8000424BF2F7DDFB0446F2F7A8FC81B23948BA
:10DD90000C3020F81A102CE0FFE79DF807109DF8D2
:10DDA000062001EB0220F2F74EFC0646334A344BC4
:10DDB000F2F7C9FB0446F2F791FC81B22D480C3012
:10DDC00020F81A109DF805109DF8042001EB0220A0
:10DDD000F2F739FC06462B4A2B4B00E01DE0F2F728
:10DDE000B2FB0446F2F77AFC81B22248163020F8E2
:10DDF0001A100AF1010000F0FF0ABAF1050F85DBE5
:10DE00004FF0010B1B48808920B91A48C08A08B915
:10DE1000002002900020164908709DF8080000F0CC
:10DE20001F00D0B9134890F8200000F0800040B1E6
:10DE3000104890F8200020F080000E4981F8200062
:10DE40000BE04FF6FF700B498881C882084690F8B6
:10DE5000200000F0E00081F8200005480078F0285C
:10DE600002DD0A20024908705846BDE8FE8F000016
:10DE700014020020DC0100207C2D01087B14AE4739
:10DE8000E17AD43FD881734694F6D23F00008940AE
:10DE90002DE9F04D1D460C4698B0174621F0004183
:10DEA00023F00043002814BF4FF0010C4FF0000C8A
:10DEB0000CEB440CFE4A0CEB02064FEA620C664582
:10DEC0002BD33E0018BF012606EB45061644F94A3F
:10DED000964222D3F84A53EA070C02D0944205D165
:10DEE00048B918B000201146BDE8F08D002808BFE1
:10DEF0004FF0000C01D04FF0010C0CEB440212F576
:10DF0000001F0AD8002F14BF4FF0010C4FF0000C77
:10DF10000CEB450212F5001F07D918B03A462B4604
:10DF20002146BDE8F04DFCF7C3BE0022DFF88CA30C
:10DF3000002CB8BF534526DADFF884C36345A8BF79
:10DF4000022220DADFF870C39C451CDCDFF874C3C2
:10DF50000CEB235CBCF1140F08DDCCF1340627FA7E
:10DF600006FC0CFA06F6BE420DD108E05FB9CCF112
:10DF7000140623FA06FC0CFA06F69E4203D10CF0B6
:10DF80000102C2F1020251EA000C19D1002D17DA88
:10DF9000002C18BF022A01D0012A07D00220FCF76A
:10DFA000AFFE18B0BDE8F04DFCF77ABE0220FCF7DA
:10DFB000A7FEFCF775FE18B081F00041BDE8F08DBA
:10DFC000B7F1000C6CD1534525D104F1804212F514
:10DFD000801201BF00280020B74918B008BFBDE873
:10DFE000F08DB548884207DC002DA1BF6046294668
:10DFF00018B0BDE8F08D07E0281E05DA80F000417A
:10E0000018B06046BDE8F08DAF497944D1E9000110
:10E0100018B0BDE8F08DDFF8A0C2634525D1002D12
:10E020001FDA19B1514512D1D8B909E0002840F0E2
:10E03000EC82A24A214618B062F31E01BDE8F08DC1
:10E040000020214618B060F31E01BDE8F08D08DA0B
:10E0500018B02346BDE8F04D024600206146F2F7B5
:10E06000D5BC18B02146BDE8F08D514518DAB5F1A0
:10E07000804F0DD0A5F1005CBCF1FF5C10D1B4F174
:10E08000000C0DDB18B06146BDE8F04D01F060BC3E
:10E09000234618B00246BDE8F04D1946F2F753BAD0
:10E0A000060024F0004C3BD1D9B1514533D1002CAE
:10E0B00006DD002DA1BF0020514618B0BDE8F08D4F
:10E0C000002C01DD002D1BDB002C13DA002D11DBF1
:10E0D000012A4FF0000014BF78497C4918B0BDE810
:10E0E000F08D022A18BF002C0AD0012A08D1002C7A
:10E0F00006DA0AE0002CB8BF002D11DA012A04D09C
:10E10000002018B00146BDE8F08D18B000204FF097
:10E110000041BDE8F08DA1F14050B0F17F601AD010
:10E12000012000EBE47050EA020421D0624C521E40
:10E130004FF0000B104304BF4FF0000B644C6548D8
:10E1400083427CDD644A654893421FDD884217DBC9
:10E15000002D25DB37E0002C00DA4AB1022A0CBF83
:10E1600001204FF0FF3018B0BDE8F04DF2F76BBA68
:10E170000120FCF7C5FD18B0BDE8F04DFCF79ABDD5
:10E180004D4A8A4202DC002D0ADC1CE0814202DAA0
:10E19000002D18DA04E0484B994220DD002D12DDF5
:10E1A0000220FCF7ADFDFCF78BFD05460E46002274
:10E1B000534658462146F2F7C6F918B066F31E01D9
:10E1C0002846BDE8F08D0220FCF79AFDFCF780FDA3
:10E1D0000A46214618B062F31E01BDE8F08D002208
:10E1E00030466146F2F7A9F980460E466FF001020B
:10E1F000F2F77BFC4FF05532394BF2F7A1F942466A
:10E200003346F2F7A0F90022364BF2F799F982462D
:10E2100042463346049110461946F2F794F95246A5
:10E22000049BF2F790F98A4600904FF0C0422E4BC3
:10E2300040463146F2F787F92C4A2B4B00E027E0A5
:10E24000CDE9060151460098F2F77DF98246019129
:10E25000274A284B40463146F2F775F95246019B52
:10E26000F2F76BF982460B4602460591DDE906019D
:10E27000F2F7C2F8DDE90623002688463046F2F7B9
:10E280005CF95246059BF2F75BF9024600F07EB955
:10E290000020B1F5801F07DA352230466146F2F7DB
:10E2A00024FC06466FF0340000EB215024E000000F
:10E2B000FFFF1F00FFFF0F000000F03F0000F07F96
:10E2C0000000404301FCFFFFAA6600000000F0FFD1
:10E2D0000000F0BF0000E0410000F043FFFFEF3F0F
:10E2E0005555D53F0000E03F4715F73FFE822B65AF
:10E2F00044DF5DF80BAE543EA0F2FF300190C1F355
:10E30000130040F07F6141F040510291FE49884284
:10E31000D8BF002004DDFD498142C8BF012001DDD6
:10E320000D9008E000200D900198401C019002988B
:10E33000A0F5801002900299F54878440B910D9950
:10E3400000EBC100D0E900230F9330460A920B99ED
:10E35000F2F7F3F8CDE90601DDE90A2130460F9B1B
:10E36000F2F74AF802460B460020EA49F2F74EFB64
:10E37000059102460B460090DDE90601F2F7E3F84D
:10E380001490E5488A464FF00008784402990068E6
:10E3900012904FF0005040EA61010D980F9B01EB85
:10E3A000804000F5002109910A9A1298F2F7C5F809
:10E3B00032460B9BF2F7C4F842465346F2F7C3F8D5
:10E3C0000646029140465146099B129AF2F7BBF865
:10E3D000DDE90623F2F7B4F83246029BF2F7ADF816
:10E3E000059B009AF2F7AFF80091149A04905346F7
:10E3F00010461946F2F7A7F806460246C7480B46EC
:10E40000029106217844FCF7F5FBCDE90510029B4B
:10E41000324610461946F2F796F8DDE90532F2F772
:10E4200092F805910646534640461946149AF1F76C
:10E43000E3FF009B049AF2F786F83246059BF1F75A
:10E44000DBFFCDE905104246534610461946F2F768
:10E450007AF80022B24B02910A90F1F7CDFFDDE984
:10E460000532F1F7C9FF0E464246AD4B4046F2F782
:10E4700064F8029B0A9AF2F760F8DDE90532F2F7D8
:10E480005FF8424602910A90334610465146F2F731
:10E490005AF8CDE906015346149A02990A98F2F700
:10E4A00052F88A4602903346424600990498F2F7A1
:10E4B0004AF85346029AF1F79FFF82460B460246FE
:10E4C0000591DDE90601F1F797FFDDE9062300205C
:10E4D00088460646F2F731F85246059BF2F730F8C7
:10E4E000824609914FF060428E4B30464146F2F72A
:10E4F0002AF8049006918C4A8A4B50460999F2F703
:10E5000022F882460291894A894B30464146F2F709
:10E510001AF85246029BF1F76FFF864B7B440D9A27
:10E5200003EBC203D3E90023F1F766FF0E900791D6
:10E530000198F2F788F80591DDE9061382460E9AF4
:10E540000498F1F759FF7C4A7A440D9B02EBC30310
:10E55000D3E9002300930292F1F74EFF5246059B48
:10E56000F1F74AFF0026884652463046059BF1F7F0
:10E57000E4FF009B029AF1F7E0FF069B049AF1F793
:10E58000DCFF079B0E9AF1F7DBFF024600200B46EB
:10E59000029038462946F1F7D6FF824601912B4674
:10E5A00038461946029AF1F7C8FF32464346F1F75A
:10E5B000CAFF5246019BF1F71FFF07468A463246C3
:10E5C000434629460298F1F7BEFF05460E463A46F5
:10E5D0005346F1F711FF594A8846914221DBA8EBD7
:10E5E000020353EA000210D12A463346F1F7A5FF91
:10E5F000CDE90401524A534B38465146F1F7FCFE2F
:10E60000DDE90423F2F7AEF821D20220FCF778FB13
:10E61000FCF756FB0A46214618B062F31E01BDE81E
:10E62000F08D494B28F000429A4210D3474A08EB3C
:10E63000020353EA00027FF4C6AD2A463346F1F7DF
:10E640007CFF3A465346F2F78DF87FF6BCAD0022C8
:10E65000019228F000403E493E4A01EB205182429F
:10E6600023DA481C4FF4801121FA00F040443A4A62
:10E67000C0F30A517A44394BA1F2FF31CB4020EA72
:10E680000303C0F3130040F48010C1F11401C8402B
:10E6900012680190B8F1000FBCBF404201902846BB
:10E6A0003146F1F74AFF05460E462A4633463846BC
:10E6B0005146F1F7A1FE4FF000084246284B404674
:10E6C0000591F1F740FFCDE90601264A264B404669
:10E6D0000599F1F738FF009102902A4633464046EB
:10E6E0000599F1F72AFF3A465346F1F729FF1F4AE9
:10E6F0001F4BF1F728FF009B029AF1F77DFE0746BA
:10E70000884602460B4635E08E9803007AB60B0029
:10E71000F26200000000F03F2A630000586200002F
:10E720000000084009C7EE3FFD033ADCF5015B1429
:10E73000E02F3EBE30610000F46000000000904019
:10E74000FE822B654715973C00CC904000346F3F0C
:10E7500001FCFFFF0000E03F40600000FFFF0F00F2
:10E76000432EE63F396CA80C615C20BEEF39FAFEFF
:10E77000422EE63FDDE90601F1F73EFEDDE9062324
:10E7800005460E46F1F7D9FE3A464346F1F7D8FE64
:10E790000F462A463346009010461946F1F7D3FE3D
:10E7A000824602462E4888460B4605217844FCF7EF
:10E7B00021FA52464346F1F7C6FE2A463346F1F7A0
:10E7C000BFFE80468A463B4628463146009AF1F70E
:10E7D000BAFE3B46009AF1F70FFE06910090002228
:10E7E0004FF0804340465146F1F7A7FE0F460C908C
:10E7F0004246534628463146F1F7A5FE3B460C9A61
:10E80000F2F704F9069B009AF1F797FE2A46334681
:10E81000F1F793FE0022134BF1F792FE05460198A3
:10E820000E4601EB00510815002810DC2846314641
:10E83000019AF2F75AF9FCF7C9F9042808BFFCF766
:10E8400047FA28463146019AF2F74FF905460B463A
:10E8500018B02A4658462146BDE8F04DF1F773BE80
:10E86000E05E00000000F03F2DE9F04705460E464F
:10E87000294807682948D0F800802948D0F8009036
:10E8800028480068001D02F059FB50B9254800686F
:10E8900090F82C10012088402349096881432248C0
:10E8A0000160681CE0B9DEB100BF204948681D491D
:10E8B000096888601B4982680968CA601949096843
:10E8C000091D8268516017490968091D8160174A4E
:10E8D000144909684A6111460968491C116018E029
:10E8E0007C19104800684460BC4206D20D4801689B
:10E8F000091D484602F04CFB0BE00A480168091D5F
:10E90000404602F045FB0A480068844201D20848AC
:10E910000460BDE8F087000014000020040000201F
:10E920000800002000000020180000209C070020A4
:10E930003000002010B5044602F050FB3448006857
:10E94000401C334908603348006840B931480460CE
:10E950000846006801280DD100F080FA0AE02E4830
:10E96000006838B92B480068C06AE16A884201D85B
:10E970002848046029480068401C28490860084667
:10E980000068606400BF94F82C100120884024497E
:10E99000096808432249086000BFE16A01EB810170
:10E9A000204A02EB81014868A0608268E260211D74
:10E9B000826851608160E16A01EB8101194A02EBD2
:10E9C00081026261E16A01EB8101164A52F821106D
:10E9D000491CE26A02EB8202124B43F8221000BF8C
:10E9E00000BF02F041FB0C48006878B100BF094845
:10E9F0000068C06AE16A884207D24FF080500A4935
:10EA00000860BFF34F8FBFF36F8F00BF10BD0000D2
:10EA100010000020000000201C0000202C0000201E
:10EA200018000020CC04002004ED00E010B502F036
:10EA3000D5FA10480068D0B90F4802F099FA0F488B
:10EA400002F096FA0C480E4908600C480D4908601F
:10EA500000221021052003F007F806490860084647
:10EA6000006820B108A10348006802F00DFC02F024
:10EA7000FBFA10BD48000020B0070020C4070020AA
:10EA80004000002044000020546D7251000000003E
:10EA900010B516E002F0A2FA0C48C068C468201D48
:10EAA00002F04CFA0A480068401E0949086009480B
:10EAB0000068401E0749086002F0D6FA204600F0C0
:10EAC000C0F8044800680028E4D110BD8807002081
:10EAD000100000200C00002070B504460D46206C8C
:10EAE00070B1216CE0680144E160D4E90210884211
:10EAF00001D32168E1602846226CE168F1F782FBCE
:10EB000070BD2DE9F04104460F4615464FF0000850
:10EB1000A66B206C48B9206800282CD1A06803F0AF
:10EB20000DFD80460020A06025E07DB93946226CAD
:10EB30006068F1F767FB216C606808446060D4E9A5
:10EB40000101884217D32068606014E03946226CC6
:10EB5000E068F1F757FB216CE068411AE160216839
:10EB6000E068884203D2216CA068411AE160022D5E
:10EB700001D106B1761E701CA0634046BDE8F0814D
:10EB8000F0B587B001260027002408E012A0005D40
:10EB900003A9085503A8005D00B902E0641C102C0D
:10EBA000F4DB00BF002510E00D4F0E4800EB8500A0
:10EBB00000210B468022CDE9001003A9384603F05E
:10EBC0008FFB064606B902E06D1C012DECDB00BF91
:10EBD000304607B0F0BD000049444C45000000003D
:10EBE000FDEC0008340000202DE9FF5F0746884651
:10EBF00016469946DDE90EABB00000F089FC0546EB
:10EC000075B15C2000F084FC04462CB15C212046E8
:10EC1000F1F711FB256304E0284602F05FFA00E0FB
:10EC2000002454B100204B4632464146CDE900ABAA
:10EC3000CDE90240384600F09BF8204604B0BDE81C
:10EC4000F09F10B50446206B02F048FA204602F00F
:10EC500045FA10BD01464A6A22B10A6B1268C2F138
:10EC6000200000E0002070470146084A1268126840
:10EC70000AB9012200E000220A600A6822B9034AA8
:10EC80001268D268106800E0002070474000002041
:10EC900030B54FF42053144800F007042CB1C01DC8
:10ECA00020F00700104C041B1B1B104C206000249C
:10ECB0000E4D6C60C218083A22F007020C4C22601C
:10ECC00000240B4D2D686C60094D2D682C600146A9
:10ECD000541A4C60064C24680C60064D4C682C603D
:10ECE000054D4C682C6030BDD80700205400002032
:10ECF0005C000020640000206000002000BFFFF7DF
:10ED0000C7FE064800680128F9D94FF08050044931
:10ED10000860BFF34F8FBFF36F8FF0E7CC04002084
:10ED200004ED00E010B5044654B10020A06020605E
:10ED30000021E16000231A461946204602F05AFFDE
:10ED400010BD2DE9F04106460D4617469846069C33
:10ED50000DB9246000E02760E663256401212046A8
:10ED600002F0CAFE84F850800020A064BDE8F08163
:10ED70002DE9F05F82460F4690469B460A9E0C9C0A
:10ED80004FEA8801A522206BF1F74EFAA8F10100A5
:10ED9000216B01EB800929F0070909F0070008B988
:10EDA000012000E0002028B940F22E721EA127A009
:10EDB000FBF7CEFE7FB1002507E0795D04F134005A
:10EDC0004155785D00B902E06D1C102DF5D300BFF0
:10EDD000002143200155202E01D2012000E0002017
:10EDE00028B940F2647210A118A0FBF7B1FE202EE2
:10EDF00000D31F26E662E664201D02F0C6F804F187
:10EE0000180002F0C2F82461C6F12000A06164621B
:10EE10005A465146484600F081FC20600B9808B1E4
:10EE20000B980460BDE8F09F2E2E5C4D6964646C05
:10EE300065776172655C4672656552544F535C53E9
:10EE400072635C7461736B732E6300004572726F42
:10EE5000723A25732C25640D0A00000010B50024B9
:10EE600007E004EB84010F4A02EB810002F080F816
:10EE7000641C202CF5D30C4802F07AF80B4802F001
:10EE800077F80B4802F074F80A4802F071F80A4863
:10EE900002F06EF80448094908600448084908600F
:10EEA00010BD0000CC0400204C07002060070020AB
:10EEB00074070020880700209C0700200400002021
:10EEC0000800002070B50546204C00E0246820684A
:10EED000A842FBD31D4884420FD01D48844204D36E
:10EEE0001C48844201D8012000E0002028B94FF4DA
:10EEF000FD7219A124A0FBF72BFE26466068304462
:10EF0000A84204D1606869680844606025462E46BE
:10EF1000686830442168884211D11F492068096817
:10EF2000884208D068682168496808446860206899
:10EF30000068286005E018480068286001E0206843
:10EF40002860AC4200D0256070BD00005400002055
:10EF5000D8070020D72F00202E2E5C4D6964646CEA
:10EF600065776172655C4672656552544F535C709B
:10EF70006F72745C4D656D4D616E675C6865617044
:10EF80005F342E63000000004572726F723A257381
:10EF90002C25640D0A0000005C0000202DE9F041E2
:10EFA00004460D4616461F464FF000086560246172
:10EFB000B5420CD8F01BA169884202D34FF001087A
:10EFC00011E0211D0948006801F0E2FF0BE0BE429C
:10EFD00004D2BD4202D34FF0010804E0211D0448D1
:10EFE000006801F0D5FF4046BDE8F08144000020F4
:10EFF0004000002070B5054601F0F0FFA86B08B98D
:10F00000012400E0002402F02FF8204670BD70B506
:10F01000054601F0E3FFA86BE96B884201D10124AA
:10F0200000E0002402F020F8204670BDF1B5009801
:10F03000846C00262CB940F6F84223A12BA0FBF7E4
:10F0400087FDA06BE16B884201D2012000E0002027
:10F0500028B940F6F9421CA124A0FBF779FDA06B6A
:10F06000E16B88422ED294F9455000226946204631
:10F07000FFF747FD0646681C60B9606A08B90120C1
:10F0800000E00020E8B904F1240003F05DFBC0B10A
:10F09000012616E000BF01F065FF0746BD420FD212
:10F0A0007F2D01D0012000E0002028B940F6195240
:10F0B00005A10EA0FBF74CFD681C40B284F845008A
:10F0C00000BF00BF3046F8BD2E2E5C4D6964646CF5
:10F0D00065776172655C4672656552544F535C5347
:10F0E00072635C71756575652E6300004572726FA1
:10F0F000723A25732C25640D0A00000070B5054690
:10F100000E460E480068C068C468201D01F016FF56
:10F1100094F8280000F0040028B132462946204621
:10F1200000F002F905E094F8280000F0FE0084F8F1
:10F1300028002046216A884770BD0000400000205A
:10F1400070B586B0002002900390049005908AE08C
:10F15000029800280CDA03AE2EB940F2BD3247A166
:10F160004FA0FBF7F5FCD6E90020B168904700BF3F
:10F170000298002877DB049C606908B9012000E050
:10F18000002010B9201D01F0D9FE01A800F0F8F808
:10F19000054602980A2864D2DFE800F06305072ECE
:10F1A000365306082F3700BF00BF00BF94F8280071
:10F1B00040F0010084F828000398A26981180346F2
:10F1C0002A462046FFF7EAFEA8B194F8280000F08E
:10F1D000040038B10398A26981182A46204600F03D
:10F1E000A3F805E094F8280000F0FE0084F8280059
:10F1F0002046216A884735E000BF94F8280000F0D7
:10F20000FE0084F828002DE000BF94F8280040F0AC
:10F21000010084F828000398A061A06908B10120CA
:10F2200000E0002028B94FF4826214A11CA0FBF773
:10F230008FFCA06941192B462A462046FFF7AEFEF7
:10F2400010E094F8280000F0020018B9204601F000
:10F2500045FF05E094F8280000F0FE0084F828003F
:10F2600000E000BF00BF002202A91148006802F0C0
:10F270004BFE00287FF46CAF06B070BD2E2E5C4DA7
:10F280006964646C65776172655C46726565525449
:10F290004F535C5372635C74696D6572732E6300C7
:10F2A0004572726F723A25732C25640D0A000000B6
:10F2B00048000020F8B505460C4602F0AFFA684653
:10F2C00000F05EF80646009820BB44B9B54206D867
:10F2D00003F0E8FA31462846FFF710FF1CE03CB186
:10F2E0000E480068006808B9012000E000200446CC
:10F2F000A91B22460A48006802F00CF803F0D2FA73
:10F3000050B94FF0805007490860BFF34F8FBFF3EB
:10F310006F8F01E003F0C6FAF8BD00004400002042
:10F320004800002004ED00E070B504460D46164686
:10F3300004E0A06905442046216A8847A069411974
:10F340002B4632462046FFF729FE0028F1D170BD3A
:10F3500009480068006808B9012000E0002020B1D9
:10F360004FF0FF300549086005E003480068C068B9
:10F370000068024908607047040000203000002047
:10F3800070B5044602F0D8FF05460748006885427C
:10F3900004D200F00BF80120206001E00020206082
:10F3A00001480560284670BD5000002070B508E097
:10F3B0000D480068C06804684FF0FF312046FFF731
:10F3C0009DFE09480068006808B9012000E000209F
:10F3D0000028EDD004480568044800680249086028
:10F3E0000248056070BD000040000020440000207D
:10F3F0000B480068401C08B9012000E0002020B93B
:10F40000CE2208A113A0FBF7A3FB00BF302080F39E
:10F410001188BFF34F8FBFF36F8F00BF00BFFEE7B0
:10F42000700000202E2E5C4D6964646C65776172FB
:10F43000655C4672656552544F535C706F72745CC4
:10F44000525644535C41524D5F434D335C706F7272
:10F45000742E63004572726F723A25732C25640D09
:10F460000A00000008B500BF6846FFF7FDFB044630
:10F4700020460099FFF71EFFFFF762FEF4E770B524
:10F48000044601F0ABFD94F9455019E0A06C30B191
:10F490002046FFF7CBFD88B102F04EF80EE0606A1F
:10F4A00008B9012000E0002038B904F1240003F07D
:10F4B0004BF918B102F040F800E003E0681E45B2D5
:10F4C000002DE3DC00BFFF2084F8450001F0CCFDF7
:10F4D00001F084FD94F9445010E0206908B901203E
:10F4E00000E0002048B904F1100003F02DF908B144
:10F4F00002F022F8681E45B200E001E0002DECDCCD
:10F5000000BFFF2084F8440001F0AEFD70BD000094
:10F510002DE9F04705464FF00008DDB115F1090F60
:10F5200001D9012000E0002098B9083505F0070056
:10F5300080B105F00700C0F10809C9F1FF30A84209
:10F5400001D2012000E0002008B94D4402E000256E
:10F5500000E0002502F062F95448006808B9FFF79E
:10F5600097FB012000EBE57000287DD0002DFCD03A
:10F570004F480068854277D84E4E304604684E4862
:10F58000844204D34D48844201D8012000E0002089
:10F5900020B9F5224AA156A0FBF7DAFA10E0264678
:10F5A00024684548844204D34448844201D8012059
:10F5B00000E0002020B9FB2241A14DA0FBF7C8FAD2
:10F5C0006068A84202D220680028E8D13748006865
:10F5D000844259D0306800F108083748804504D388
:10F5E0003648804501D8012000E0002028B940F2CB
:10F5F000051233A13EA0FBF7ABFA206830606068CB
:10F60000A84201D2012000E0002080F0010028B9CA
:10F6100040F20D122AA136A0FBF79AFA6068401B4F
:10F62000102814D9671907F0070008B9012000E075
:10F63000002028B94FF48B7221A12DA0FBF788FA86
:10F640006068401B786065603068386037601849D2
:10F6500060680968081A1649086008460068284961
:10F660000968884205D200E00EE01148006824498C
:10F670000860606840F00040606000202060214821
:10F680000068401C1F49086003F00CF908F00700EF
:10F6900008B9012000E0002028B940F2571208A163
:10F6A00013A0FBF755FA4046BDE8F0875C00002048
:10F6B0006000002054000020D8070020D72F002031
:10F6C0002E2E5C4D6964646C65776172655C467270
:10F6D000656552544F535C706F72745C4D656D4D2F
:10F6E000616E675C686561705F342E6300000000C6
:10F6F0004572726F723A25732C25640D0A00000062
:10F7000064000020680000200349086810B1016D02
:10F71000491C01657047000000000020001F4FF0E9
:10F7200080730360001F21F001030360001F034B7F
:10F73000036014380260203870470000F1F30008BD
:10F74000024600210BE0094850F821000079904260
:10F7500003D1064850F821007047481CC1B2044844
:10F7600000788142EFDB0020F6E70000383000200F
:10F770000404002070B5044624B1206810B120684C
:10F78000806810B96FF0060070BD2068816820465F
:10F79000884705463DB103206071206B401C206303
:10F7A0006FF00100F0E7012060710020206300BFCE
:10F7B000EAE700002DE9F04704460D462CB1206829
:10F7C00018B12068006900B11DB96FF00600BDE8EE
:10F7D000F0876079042802D16FF00500F7E76079BF
:10F7E000012802D06FF00500F1E73C48006880472F
:10F7F0000646A068006868B1E06A301AA168096826
:10F80000884207D21C2204F110012846F0F7FAFCC6
:10F810000020DCE76FF00207A0680079401C00F0D0
:10F82000FF084FF000090BE02068294602692046D6
:10F830009047074607B905E009F1010000F0FF090C
:10F84000C145F1DB00BF5FB1206B401C2063A168A4
:10F850004979206B884201D3042060713846B6E7AD
:10F860002079B0B91E492868F0F7B0FF0ED31D49C2
:10F870002868F0F7B5FF09D300216868F0F7A6FF04
:10F8800004D319496868F0F7ABFF02D26FF00400A7
:10F890009DE72079042816D100212868F0F796FF0B
:10F8A0000ED312492868F0F79BFF09D3002168683E
:10F8B000F0F78CFF04D30E496868F0F791FF02D28D
:10F8C0006FF0040083E71C22294604F11000F0F7D2
:10F8D00099FCE6620020206300BF78E798000020D2
:10F8E000000020C20000FA420000C84200401C464E
:10F8F00066666640014609B1086810B96FF00600F7
:10F9000070470A480078082802DB6FF00100F7E72B
:10F91000064802780078401C044B1870044840F8F0
:10F9200022100020487100BFEAE700000404002014
:10F930003830002070B504460D4622796A400AB17D
:10F94000012200E0002211462068FDF723FC70BD73
:10F950002DE9F04106460F46F1F7DEF8041E0D468C
:10F9600018BF0120284320F00040C0F17F6000F163
:10F97000E040C00F0ED0301C18BF0120384320F0EB
:10F980000040C0F17F6000F1E040C00F04BF0120E3
:10F99000FBF7B6F920462946BDE8F08100B597B0DF
:10F9A000002012900B9012904FF6FF70F3F758FF63
:10F9B0004FF6FF70F3F754FF6420A02100221023BC
:10F9C000CDE90132CDE903104FF6FF7013460090E8
:10F9D000FE48282102680846F2F737F94FF47842CA
:10F9E0001421084600F06AFD0020F94981F8200042
:10F9F0004862D1E3F64840680A9001200A99884796
:10FA0000F34890F8200000F0C00040286FD100209B
:10FA10000B90EF4890F8200020F04000EC4981F86E
:10FA200020000846818913AA129822F82010E8487D
:10FA3000C18A129802EB800041801298401CC0B22B
:10FA400012901298012806D0022815D0032829D038
:10FA5000042810D141E04FF6FF721421084600F04F
:10FA60002DFDDC480088143880B24FF47842142110
:10FA70000A9000F023FD7FE3D6480088143880B256
:10FA80004FF6FF7214210A9000F018FDD14840880B
:10FA9000143880B24FF4784201460A90142000F0E6
:10FAA0000DFD69E3CB484088143880B24FF6FF72F1
:10FAB00001460A90142000F001FDC6484088143821
:10FAC00080B20A90C3480088143880B24FF478425C
:10FAD00009900A9900F0F2FC4EE3BDF84C00BDF825
:10FAE0005010401A0A90002802DB0A9802E044E312
:10FAF0000A9840420F90BDF84E1013A8C088081A0B
:10FB00000A90002801DB0A9801E00A9840420E9012
:10FB10000F9840430F900E9840430E90DDE90E1071
:10FB200008440590F0F7A0FDCDE90601FFF710FFAE
:10FB3000CDE90801F0F7D2FD80B21190BDF8540074
:10FB4000BDF85810401A0A90002801DB0A9801E01D
:10FB50000A9840420F9013A84189C089081A0A9058
:10FB6000002801DB0A9801E00A9840420E900F98A5
:10FB700040430F900E9840430E90DDE90E1008446C
:10FB80000590F0F771FDCDE90601FFF7E1FECDE943
:10FB90000801F0F7A3FD80B210901098F0F74EFD29
:10FBA00009901198F0F74AFD08900999F0F7E6FBE3
:10FBB0000A90F0F7ACFDCDE90C014FF06632864BB0
:10FBC000DDE90C01F0F7B6FD0AD3844A844BDDE988
:10FBD0000C01F0F7C7FD03D3119808B11098E8BBEA
:10FBE000002012907B484088143880B20A907948EF
:10FBF0000088143880B24FF6FF7209900A9900F01D
:10FC00005DFC4FF478421421084600F057FC0022B6
:10FC1000744BDDE90C01F0F796FCCDE90801F0F733
:10FC20005DFD80B213A90A90C989BDF8582013ABB5
:10FC30005B89CDE90132CDE90310BDF85400009095
:10FC400013A8C0880990BDF850000890BDF84E0078
:10FC50000790BDF84C00069007A900E003E00EC92C
:10FC600000F0C4FA98E2BDF84C00BDF85410401AF8
:10FC70000A90002801DB0A9801E00A9840420F90A0
:10FC8000BDF84E1013A84089081A0A90002801DB1D
:10FC90000A9801E00A9840420E900F9840430F9056
:10FCA0000E9840430E90DDE90E1008440590F0F7E1
:10FCB000DBFCCDE90601FFF74BFECDE90801F0F7CB
:10FCC0000DFD80B21190BDF85000BDF85810401ADB
:10FCD0000A90002801DB0A9801E00A9840420F9040
:10FCE00013A8C188C089081A0A90002801DB0A9865
:10FCF00001E00A9840420E900F9840430F900E98F2
:10FD000040430E90DDE90E1008440590F0F7ACFC7E
:10FD1000CDE90601FFF71CFECDE90801F0F7DEFC96
:10FD200080B210901098F0F789FC09901198F0F7C4
:10FD300085FC08900999F0F721FB0A90F0F7E7FCA1
:10FD4000CDE90C014FF06632234BDDE90C01F0F7F1
:10FD5000F1FC06D3214A224BDDE90C01F0F702FD4C
:10FD600050D2002012901B484088143880B20A906C
:10FD700018480088143880B24FF6FF7209900A992B
:10FD800000F09CFB4FF478421421084600F096FBEB
:10FD90000022144BDDE90C01F0F7D5FBCDE9080199
:10FDA000F0F79CFC80B213A90A90C989BDF85820CD
:10FDB00013AB5B89CDE90132CDE90310BDF85400E6
:10FDC000009013A8C08809900EE00000A02C010844
:10FDD000DC010020103000206666EE3FCDCCCCCC9C
:10FDE000CCCCF03F00005940BDF850000890BDF861
:10FDF0004E000790BDF84C00069007A90EC900F010
:10FE0000F5F9C9E1BDF85000BDF85410401A0A9048
:10FE1000002801DB0A9801E00A9840420F9013A8DD
:10FE2000C1884089081A0A90002801DB0A9801E07D
:10FE30000A9840420E900F9840430F900E9840430E
:10FE40000E90DDE90E1008440590F0F70DFCCDE9A9
:10FE50000601FFF77DFDCDE90801F0F73FFC80B218
:10FE60001190BDF84C00BDF85810401A0A900028B7
:10FE700001DB0A9801E00A9840420F90BDF84E104D
:10FE800013A8C089081A0A90002801DB0A9801E02B
:10FE90000A9840420E900F9840430F900E984043AE
:10FEA0000E90DDE90E1008440590F0F7DDFBCDE97A
:10FEB0000601FFF74DFDCDE90801F0F70FFC80B218
:10FEC00010901098F0F7BAFB09901198F0F7B6FB74
:10FED00008900999F0F752FA0A90F0F718FCCDE96A
:10FEE0000C014FF06632AE4BDDE90C01F0F722FC5D
:10FEF00006D3AC4AAC4BDDE90C01F0F733FC41D240
:10FF000000201290A9484088143880B20A90A7486F
:10FF10000088143880B24FF6FF7209900A9900F0F9
:10FF2000CDFA4FF478421421084600F0C7FA0022B7
:10FF30009F4BDDE90C01F0F706FBCDE90801F0F776
:10FF4000CDFB80B201460A9013A8C089BDF85820A5
:10FF500013AB5B89CDE90132CDE90301BDF8540053
:10FF6000009013A8C0880990BDF850000890BDF813
:10FF70004E000790BDF84C00069007A90EC900F08E
:10FF800035F909E1BDF85000BDF84C10401A089051
:10FF9000F0F74BFB0A908548008828380890F0F766
:10FFA00044FB09900A99F0F7E9F982494862BDF8E3
:10FFB0005000BDF84C1008440590F0F736FB069051
:10FFC0007C48406A014605900698F0F7A5F908902C
:10FFD000764800880690F0F731FB07900899F0F713
:10FFE00095F94FF080410990F0F7C8F90A90F0F7C1
:10FFF00048FB00B26F49888513A84089BDF84E10B0
:020000040801F1
:10000000401A0890F0F711FB0A9068484088283899
:100010000890F0F70AFB09900A99F0F7AFF96549E3
:10002000886213A84089BDF84E1008440590F0F787
:10003000FCFA06905F48806A014605900698F0F742
:100040006BF90890594840880690F0F7F7FA079046
:100050000899F0F75BF94FF080410990F0F78EF9BD
:100060000A90F0F70EFB00B25249C8850846406A74
:100070000890F0F706FB0990002801DB099801E0E1
:100080000998404202280DDC4A48806A0890F0F73F
:10009000F8FA0A90002801DB0A9801E00A98404229
:1000A000022845DD0020129040484088143880B274
:1000B0000A903E480088143880B24FF6FF720990CB
:1000C0000A9900F0FBF94FF478421421084600F039
:1000D000F5F9364840883549098800221023CDE9D2
:1000E0000132CDE903104FF6FF70134632A21A21F8
:1000F00000902820F1F7A9FD2E4890F8300008B9AB
:10010000012000E000202B4981F83000084690F8DB
:10011000300030B190202D490870D0202C49087053
:1001200005E0D0202949087090202949087033E063
:100130004FF6FF70F3F794FB1C4840881B49098871
:1001400000221023CDE90132CDE903104FF6FF70F4
:100150004FF478431FA26E2100902320F1F775FD24
:100160004FF47A70FCF7C0F800F020FB4FF6FF70F8
:10017000F3F776FB17B000BD00BF0A20FCF7B4F818
:100180000B98401C80B20B900B98B0F57A7F02DD83
:1001900000F0D2F901E000BF2CE400BF00BFE9E7A6
:1001A0006666EE3FCDCCCCCCCCCCF03F10300020FE
:1001B00000005940DC0100205450204E6565642049
:1001C000726561646A75737421000000100200207A
:1001D00011020020546F7563682053637265656E69
:1001E0002041646A757374204F4B21002DE9F04F54
:1001F00085B004460D4617461E46DDE910ABDDE925
:100200000E89A3484088A249098800221023CDE91D
:100210000132CDE903104FF6FF704FF478439DA2F1
:10022000A02100902820F1F710FD994840889849B6
:10023000098800221023CDE90132CDE903104FF6E1
:10024000FF704FF4784394A2A02100907820F1F73A
:10025000FCFC8F4840888E49098800221023CDE994
:100260000132CDE903104FF6FF704FF478438BA2B3
:10027000B42100902820F1F7E8FC854840888449A3
:10028000098800221023CDE90132CDE903104FF691
:10029000FF704FF4784382A2B42100907820F1F7E8
:1002A000D4FC7B4840887A49098800221023CDE994
:1002B0000132CDE903104FF6FF704FF4784379A275
:1002C000C82100902820F1F7C0FC7148408870498F
:1002D000098800221023CDE90132CDE903104FF641
:1002E000FF704FF4784370A2C82100907820F1F796
:1002F000ACFC674840886649098800221023CDE994
:100300000132CDE903104FF6FF704FF4784367A236
:10031000DC2100902820F1F798FC5D4840885C497A
:10032000098800221023CDE90132CDE903104FF6F0
:10033000FF704FF478435EA2DC2100907820F1F743
:1003400084FC534840885249098800221023CDE993
:100350000132CDE903104FF6FF704FF4784355A2F8
:10036000F02100902820F1F770FC00204FF6FF717B
:100370004FF4FC621023CDE90032CDE902100423D2
:100380002246A0214020F1F7FDFB00204FF6FF712F
:100390004FF4FC621023CDE90032CDE902100423B2
:1003A0002A46A0219020F1F7EDFB00204FF6FF71C7
:1003B0004FF4FC621023CDE90032CDE90210042392
:1003C0003A46B4214020F1F7DDFB00204FF6FF71E3
:1003D0004FF4FC621023CDE90032CDE90210042372
:1003E0003246B4219020F1F7CDFB00204FF6FF718B
:1003F0004FF4FC621023CDE90032CDE90210042352
:100400004246C8214020F1F7BDFB00204FF6FF71A6
:100410004FF4FC621023CDE90032CDE90210042331
:100420004A46C8219020F1F7ADFB00204FF6FF713E
:100430004FF4FC621023CDE90032CDE90210042311
:100440005246DC214020F1F79DFB00204FF6FF7162
:100450004FF4FC621023CDE90032CDE902100423F1
:100460005A46DC219020F1F78DFB00204FF6FF71FA
:100470004FF4FC621023CDE90032CDE902100323D2
:10048000F0216020129AF1F77DFB05B0BDE8F08FF6
:100490001030002078313A0079313A0078323A0051
:1004A00079323A0078333A0079333A0078343A00B6
:1004B00079343A006661632069733A00F8B50446FE
:1004C0000D46164604F10D018AB2193988B22B4641
:1004D00029460096F1F74AFA05F10D0083B2193862
:1004E00081B2224620460096F1F740FA6A1C91B28A
:1004F000621C90B23246F1F7E3FB6A1C91B2621EB5
:1005000090B23246F1F7DCFB6A1E91B2621C90B2E7
:100510003246F1F7D5FB6A1E91B2621E90B23246A6
:10052000F1F7CEFB002033460622294600902046F4
:10053000F1F770F9F8BD000008B56A463621114898
:10054000FBF754FD9DF800000A2819D10E230E4A2E
:1005500028210C48FBF730FD0B48243890F8300078
:1005600030B1902009490870D0200949087005E091
:10057000D02006490870902005490870012008BD68
:100580000020FCE7942C010800020020100200204B
:10059000110200200EB54248808845F21051884271
:1005A00020D1FCF7DFF918B93E483F49486004E024
:1005B000FDF72EFB3D483C4948603B4890F8300031
:1005C00040F08000384981F83000084690F830004B
:1005D0003349897901F001010843334981F830003A
:1005E00000200EBD2E48808841F66311884218D144
:1005F000FBF7CCFE2E482C494860084690F83000A6
:1006000040F0800081F83000084690F8300024491E
:10061000897901F001010843234981F83000002065
:10062000DFE7244A07CA8DE807006846FCF70EFD9D
:100630000420ADF8040048208DF806006846FCF759
:1006400005FD1D4800904FF42060ADF80400102017
:100650008DF806006846FCF7F9FC4FF48060ADF8B1
:10066000040048208DF806006846FCF7EFFC0E49B0
:100670001631A1F10A0000F021F8FBF795FCFFF715
:100680005BFF08B10020ACE74FF6FF70F3F7E8F826
:10069000FFF784F9FFF750FF00BF0120A1E700003A
:1006A0001030002019CB0008DC010020B1DC00086C
:1006B000B9C40008A42C0108001C01402DE9F04138
:1006C00004460D4607480078FAF710F80646064833
:1006D0000078FAF70BF8074626802F800120BDE846
:1006E000F081000010020020110200207FB50446B6
:1006F0000D4602A903A8FFF7E1FF064616B9002040
:1007000004B070BD694601A8FFF7D8FF06460EB9D0
:100710000020F5E7BDF80400BDF80C10884206DCA7
:10072000BDF80C10BDF80400323081420CDBBDF87E
:100730000C00BDF80410884236DCBDF80410BDF88A
:100740000C00323081422FDABDF80000BDF80810ED
:10075000884206DCBDF80810BDF800003230814246
:100760000CDBBDF80800BDF8001088421CDCBDF8A9
:100770000010BDF808003230814215DABDF80C10C7
:10078000BDF80420881800EBD071C1F34F0121801F
:10079000BDF80810BDF80020881800EBD071C1F337
:1007A0004F0129800120ABE70020A9E710B50E23F7
:1007B000054A28210548FBF75CFC0A22362103483C
:1007C000FBF772FC10BD000000020020942C010811
:1007D0002DE9F041044640480068002856D12CB16C
:1007E0003E49A1F10A00FFF781FF3DE03B49A1F13D
:1007F0000A00FFF77BFFB8B338491639B1F92C006E
:10080000EFF713FF0746354916398889EFF716FFCA
:10081000804632481638416A4046EFF77DFD06466D
:100820003946EFF721FD0546EFF744FF2B4916390E
:100830008881B1F92E00EFF7F8FE074627491639EF
:10084000C88AEFF7FBFE804624481638816A404686
:10085000EFF762FD06463946EFF706FD0546EFF76E
:1008600029FF1E491639C8821C48163890F8200006
:1008700000F0800038BBC0201849163981F82000EC
:10088000084681898182C18AC1831CE013481638D9
:1008900090F8200000F0800050B11048163890F811
:1008A000200020F080000D49163981F820000AE070
:1008B00000210A4816388182C1834FF6FF7007492C
:1008C00016398881C8820548163890F8200000F053
:1008D0008000BDE8F081000028812342F201002061
:1008E00010B50446204600F003FB204600F022F934
:1008F000207D00F0010010B1204600F0E5F810BDA9
:1009000010B504462046FBF7B7FF2046FFF7E8FF87
:10091000204600F0EDF8204600F0CCFA207D00F0F3
:10092000010010B1204600F037F8207D00F00200F1
:1009300010B1204600F042F9207D00F0020030B3F3
:1009400020690078012822DB20698068007BA0B143
:10095000012280212068F9F737FF20698068007B39
:10096000012814D1E168486A0121F0F735FC012221
:1009700040212068F9F728FF09E0E168486A012171
:10098000F0F72AFC012240212068F9F71DFF012120
:100990002068F9F70DFF10BD10B58CB00446E16872
:1009A000486AF0F725FCE068C06A002846D0E06895
:1009B000008D002842D02C22424901A8EFF722FCEA
:1009C0002068001D0190E068C06A0290E068008D18
:1009D0000490E06800690790E06840690890E0686A
:1009E00040680990E068C0680A90E168486A01A917
:1009F000F0F7ADFC207D00F00200A0B1207D00F0FA
:100A0000020010B12069007868B1207D00F002007A
:100A100098B12069007801280FDB2069806890F97F
:100A20000C00401C48B9E168486A0121F0F7D4FB8A
:100A3000012240212068F9F7C7FE00BFE068006B83
:100A400000283DD0E068408D002839D02C221D4977
:100A50002C3101A8EFF7D6FB2068001D0190E0685B
:100A6000006B0290E068408D0490E0688069079018
:100A7000E068C0690890E06880680A90E168086AE8
:100A800001A9F0F764FC207D00F0020090B1207D08
:100A900000F0020010B12069007858B1207D00F00C
:100AA000020060B120690078012808DB20698068B5
:100AB000007B20B9012280212068F9F785FE00BF64
:100AC0000CB010BD742B010810B50446E068006836
:100AD0000649884204D101210220F8F763FA10BDCB
:100AE00001210846F8F75EFA00BFF8E7000402406B
:100AF00038B504460020009060680089ADF8000019
:100B00006068007B8DF8030003208DF802006168A7
:100B100008686946F0F71EFD60684089ADF800007E
:100B20006068407B8DF80300616848686946F0F7AB
:100B300011FD38BD70B50446606800686168496899
:100B4000884215D1002510E01B4850F83500616837
:100B50000968884207D1184901EBC501486801219D
:100B6000F8F750FA70BD681CC5B2072DECD321E030
:100B7000002600251BE0104850F835006168096820
:100B8000884206D00C4850F83500616849688842B0
:100B90000BD1094901EBC50148680121F8F732FA88
:100BA000701CC6B2022E00D1DCE7681CC5B2072D4E
:100BB000E1D300BF00BFD5E73C2B010838B50446A0
:100BC0000020009025682069007820B1012817D006
:100BD000022875D1B3E02069406841880122284687
:100BE000F9F708FE20694068437920694068027976
:100BF0002069406890F900106846FDF701F854E15B
:100C00002069806890F90C00002824DA2069806847
:100C1000406820F00E0028B920698068406808B15B
:100C2000012000E00020002814D022699268516859
:100C3000E268106A0122F0F781FB20698068837BFB
:100C400020698068427B2069806890F900106846BE
:100C5000FCF7D6FF72E020698068007B20BB20692A
:100C60008068806820F00E0028B92069806880685C
:100C700008B1012000E0002000285FD022699268BE
:100C80009168E268506A0122F0F758FB2069806899
:100C9000037C20698068C27B2069806890F901101C
:100CA0006846FCF7ADFF49E020698068406820F0A5
:100CB0000E0030B920698068406810B1012001E061
:100CC000F2E00020D0B320698068806820F00E0038
:100CD00028B920698068806808B1012000E0002000
:100CE00060B3226992685168E268106A0122F0F7E5
:100CF00025FB20698068837B20698068427B2069AE
:100D0000806890F900106846FCF77AFF6846F8F7AB
:100D10001BF8226992689168E268506A0122F0F734
:100D20000DFB20698068037C20698068C27B206994
:100D3000806890F901106846FCF762FFB5E0206911
:100D40004068418801222846F9F754FD206940682F
:100D500043792069406802792069406890F9001061
:100D60006846FCF74DFF6846F7F7EEFF206980689C
:100D700090F90C00002824DA20698068406820F08F
:100D80000E0028B920698068406808B1012000E0A1
:100D90000020002814D0226992685168E268106A25
:100DA0000122F0F7CBFA20698068837B2069806894
:100DB000427B2069806890F900106846FCF720FFAC
:100DC00071E020698068007B20BB206980688068B2
:100DD00020F00E0028B920698068806808B10120E1
:100DE00000E0002000285ED0226992689168E268E5
:100DF000506A0122F0F7A2FA20698068037C20691A
:100E00008068C27B2069806890F901106846FCF711
:100E1000F7FE48E020698068406820F00E0028B99D
:100E200020698068406808B1012000E00020D0B34C
:100E300020698068806820F00E0028B920698068E9
:100E4000806808B1012000E0002060B32269926848
:100E50005168E268106A0122F0F770FA2069806830
:100E6000837B20698068427B2069806890F900104C
:100E70006846FCF7C5FE6846F7F766FF2269926888
:100E80009168E268506A0122F0F758FA2069806898
:100E9000037C20698068C27B2069806890F901101A
:100EA0006846FCF7ADFE00E000BF00BF6846F7F7FC
:100EB0004BFF38BD7FB505460020009001900290A1
:100EC0000390AC6820680090A088ADF80400E0882A
:100ED000ADF806002089ADF80800A089ADF80C0037
:100EE0006089ADF80A0069462868F9F7A9FC7FBD5A
:100EF00070B505460F492868884204D1012188034E
:100F0000F8F780F870BD00240FE00B4850F834006B
:100F10002968884207D1084901EBC40148680121CA
:100F2000F8F750F8EEE7601CC4B2042CEDD300BF14
:100F3000E8E70000003801401C2B010801460A695F
:100F4000D1E901309860D1E90103586050688842C6
:100F500001D188685060002008611068401E106050
:100F600010687047014800687047000010000020BA
:100F700000F1080141604FF0FF31816000F108018C
:100F8000C16001610021016070470021016170476B
:100F900010B502460B685C1C0CB9106907E002F141
:100FA000080000E04068446824689C42FAD944681C
:100FB0004C604C68A160886041600A611468641CE0
:100FC000146010BD42684A6093688B6093685960F2
:100FD0009160086103685B1C0360704710B500BF37
:100FE000302080F31188BFF34F8FBFF36F8F00BFA6
:100FF0000B480068401C0A49086008460068012840
:101000000DD108480068C0B208B9012000E00020F6
:1010100028B94FF4C27204A10FA0F9F799FD10BDD1
:101020007000002004ED00E02E2E5C4D6964646CBD
:1010300065776172655C4672656552544F535C70AA
:101040006F72745C525644535C41524D5F434D3352
:101050005C706F72742E63004572726F723A257302
:101060002C25640D0A00000010B50B48006828B953
:1010700040F28B1209A115A0F9F76AFD0648006835
:10108000401E054908600846006820B9002080F32A
:10109000118800BF00BF10BD700000202E2E5C4DD7
:1010A0006964646C65776172655C4672656552540B
:1010B0004F535C706F72745C525644535C41524D96
:1010C0005F434D335C706F72742E63004572726FB4
:1010D000723A25732C25640D0A00000070B506468F
:1010E0003546002E41D0083D2C462048844204D38A
:1010F0001F48844201D8012000E0002028B94FF4A5
:10110000B5721CA127A0F9F723FD6068C00F28B9AC
:1011100040F26B1217A123A0F9F71AFD206808B955
:10112000012000E0002028B94FF4B67211A11DA0E3
:10113000F9F70EFD6068C00FB8B12068A8B9606803
:1011400020F00040606000F069FB1A49606809689F
:101150000844184908602046FDF7B4FE16480068A8
:10116000401C1549086001F09DFB70BDD8070020A8
:10117000D72F00202E2E5C4D6964646C65776172F8
:10118000655C4672656552544F535C706F72745C57
:101190004D656D4D616E675C686561705F342E638F
:1011A000000000004572726F723A25732C25640DA1
:1011B0000A000000600000206C00002000204FF0BA
:1011C000E02108618861064800684FF47A71B0FB3D
:1011D000F1F0401E4FF0E0214861072008617047A0
:1011E0007404002070B5EEF7F7FF0546102D11D3FB
:1011F00005F1E02090F8F04310480078844201DBCC
:10120000012000E0002028B940F206320CA118A00D
:10121000F9F79EFC1A48006800F4E0601949096873
:10122000884201D8012000E0002028B940F216329F
:1012300003A10FA0F9F78CFC70BD00007400002022
:101240002E2E5C4D6964646C65776172655C4672D4
:10125000656552544F535C706F72745C52564453C0
:101260005C41524D5F434D335C706F72742E63006E
:101270004572726F723A25732C25640D0A000000C6
:101280000CED00E0780000202DE9F04105460F4606
:1012900000262DB940F6C93210A119A0F9F758FC63
:1012A000BFB1002412E01A4800EBC4004068A84215
:1012B00003D1174800EBC4060AE036B9144850F8C9
:1012C000340010B9124800EBC406641C082CEAD3A1
:1012D00000BF0EB137607560BDE8F0812E2E5C4D09
:1012E0006964646C65776172655C467265655254C9
:1012F0004F535C5372635C71756575652E630000B6
:101300004572726F723A25732C25640D0A00000035
:101310008C0400202DE9F04105460E4617462C4668
:10132000FFF75CFE94F94400401C10B9002084F8DB
:10133000440094F94500401C10B9002084F8450091
:10134000FFF792FEA06B28B93A46314604F124001B
:1013500000F02AF92046FEF792F8BDE8F08100007F
:1013600070B504460025ACB100F058FA0E4800688C
:10137000012800D100E0002028B940F68E120BA110
:1013800013A0F9F7E5FB00212046FDF76DFA01F007
:1013900089FA05463DB94FF0805011490860BFF306
:1013A0004F8FBFF36F8F70BD3C0000202E2E5C4D21
:1013B0006964646C65776172655C467265655254F8
:1013C0004F535C5372635C7461736B732E630000E4
:1013D0004572726F723A25732C25640D0A00000065
:1013E00004ED00E02DE9F04105460026FFF7F6FD8B
:1013F00015B93448006800E028460446201DFFF770
:101400009DFD88B900BFE06A00EB80002E4951F8CD
:10141000200040B994F82C10012088402B4909681D
:1014200081432A48016000BFA06A18B104F1180086
:10143000FFF784FD26480068401C254908602148C4
:101440000068844201D1012000E0002007462148C5
:10145000006858B157B1211D1F48FFF7B3FD1F4861
:101460000068401C1D490860012606E01C48006811
:10147000401E1B490860FDF76BFFFFF7F5FD012ECD
:1014800002D02046FDF7DDFB12480068C0B10D48D0
:101490000068844214D11348006808B9012000E0B4
:1014A000002028B940F614120FA118A0F9F750FB3C
:1014B0004FF0805019490860BFF34F8FBFF36F8F13
:1014C000BDE8F08100000020CC04002018000020BE
:1014D0002C0000201C000020880700200C000020A9
:1014E000100000203C0000202E2E5C4D6964646CCE
:1014F00065776172655C4672656552544F535C5303
:1015000072635C7461736B732E6300004572726F5B
:10151000723A25732C25640D0A00000004ED00E0EA
:101520000349096801600349096841607047000088
:1015300028000020140000200120014908607047A5
:101540002400002070B504460D462CB94FF4A45277
:1015500007A110A0F9F7FCFA1248016818312046DB
:10156000FFF716FD01212846FDF77EF970BD00004A
:101570002E2E5C4D6964646C65776172655C4672A1
:10158000656552544F535C5372635C7461736B7343
:101590002E6300004572726F723A25732C25640D1C
:1015A0000A0000000000002070B504460E461546F3
:1015B0002CB941F2BE4212A11AA0F9F7C9FA00BF34
:1015C00060681C490968C8611A49826809680A622A
:1015D000184909681831826851601649096818313C
:1015E0008160144909688C622168491C216000BF30
:1015F0000DB14FF0FF3629463046FDF735F970BD85
:101600002E2E5C4D6964646C65776172655C467210
:10161000656552544F535C5372635C7461736B73B2
:101620002E6300004572726F723A25732C25640D8B
:101630000A000000000000202DE9F04706460F4692
:1016400034464FF00109002E73D0206D28B941F6C1
:10165000862239A141A0F9F77BFAE06CB84201D2A9
:101660003D4600E0E56CE06AA84262D0206D0128AA
:101670005FD13E480068844201D0012000E0002094
:1016800028B941F6A1222CA134A0F9F761FAD4F8C7
:101690002C80E562A06900F0004010B9C5F120007F
:1016A000A06108EB8801324A02EB8101606988423F
:1016B00001D1012000E00020D8B3201DFFF73EFC3F
:1016C00040B994F82C10012088402A4909688143C8
:1016D0002848016000BF94F82C100120884025495B
:1016E000096808432349086000BFE16A01EB8101F2
:1016F0001F4A02EB81014868A0608268E260211DF8
:10170000826851608160E16A01EB8101184A02EB55
:1017100081026261E16A01EB8101154A52F82110F0
:10172000491CE26A02EB8202114B43F8221000BF0F
:1017300000BFBDE8F08700002E2E5C4D6964646C2C
:1017400065776172655C4672656552544F535C53B0
:1017500072635C7461736B732E6300004572726F09
:10176000723A25732C25640D0A0000000000002049
:10177000CC0400201800002010B5FDF701FA044643
:10178000012C02D101F074F90446012C15D100BFDF
:10179000302080F31188BFF34F8FBFF36F8F00BFEE
:1017A0004FF0FF300C49086001200C490860002010
:1017B0000B49086000F09AF80BE0601C08B10120AA
:1017C00000E0002028B940F6A96206A10EA0F9F7B2
:1017D000BFF91148006810BD300000201C00002037
:1017E000140000202E2E5C4D6964646C6577617274
:1017F000655C4672656552544F535C5372635C740A
:1018000061736B732E6300004572726F723A2573B9
:101810002C25640D0A0000003800002002480068F2
:10182000401C0149086070473C00002010B51D486D
:10183000006818B101201C49086031E000201A49F5
:10184000086000BF19480068B0FA80F0C0F11F04BA
:1018500004EB8400164951F8200008B1012000E093
:10186000002028B941F2FA3212A11BA0F9F770F951
:1018700000BF04EB84010E4A02EB81004168496815
:10188000416000F1080142688A4201D1C1684160AB
:101890004168C968144A116000BF00BF1046006863
:1018A00010BD00003C000020240000201800002093
:1018B000CC0400202E2E5C4D6964646C65776172E7
:1018C000655C4672656552544F535C5372635C7439
:1018D00061736B732E6300004572726F723A2573E9
:1018E0002C25640D0A000000000000203EB50020F9
:1018F0000190324C204600780290FF20214608706B
:101900000846007800909DF8000000F030002C4957
:1019100008700846007828B940F2271229A135A09E
:10192000F9F716F99DF800103020884308B9012016
:1019300000E0002028B940F22B1222A12DA0F9F7D7
:1019400007F907E00198401C01909DF8000040064F
:10195000000E00909DF8000000F080008028F1D07B
:101960000198082803D100202649086004E0019866
:10197000C0F107002349086022480068000221499D
:1019800008600846008800F4E06008609DF80800E0
:101990000A4908701C48006840F47F001A49086032
:1019A0000846006840F07F400860FFF707FC002011
:1019B00016490860EEF7DAFB00203EBD00E400E0C7
:1019C000740000202E2E5C4D6964646C6577617232
:1019D000655C4672656552544F535C706F72745CFF
:1019E000525644535C41524D5F434D335C706F72AD
:1019F000742E63004572726F723A25732C25640D44
:101A00000A0000007800002020ED00E070000020B7
:101A100010B500BF302080F31188BFF34F8FBFF3A4
:101A20006F8F00BF00F08EFC18B14FF0805004495A
:101A3000086000BF002080F3118800BF10BD0000C7
:101A400004ED00E02DE9F04104460126002722467E
:101A50000021012000F008F805462846FDF762F94C
:101A60002846BDE8F08100002DE9F84305460E4602
:101A700017460024E5B1601EB0FBF5F0B04217D365
:101A800005FB06F010F1550F12D805FB06F909F118
:101A90005400FDF73DFD04468CB1A04608F1540802
:101AA0003B464246314628460094FDF74AF906E097
:101AB0002CB940F22A2203A10BA0F9F749F82046DD
:101AC000BDE8F8832E2E5C4D6964646C65776172A5
:101AD000655C4672656552544F535C5372635C712A
:101AE000756575652E6300004572726F723A2573D5
:101AF0002C25640D0A0000002DE9F04105460E4634
:101B000001272C462CB940F237122CA134A0F9F74A
:101B10001FF8002C42D0E06B00283FD04FF0FF317F
:101B2000E06BB1FBF0F0216C884237D3FFF756FA37
:101B3000D4E90F12206801FB0200A0600020A0631E
:101B400020686060E06B401E226C216800FB02117F
:101B5000E160FF2084F8440084F845009EB92069C4
:101B600008B9012000E00020A8B904F1100000F03D
:101B7000EBFD80B14FF080501D490860BFF34F8FDF
:101B8000BFF36F8F07E004F11000FFF7F1F904F1E4
:101B90002400FFF7EDF9FFF767FA00E000270FB127
:101BA000012000E0002028B94FF4B67203A10CA078
:101BB000F8F7CEFF3846BDE8F08100002E2E5C4DD0
:101BC0006964646C65776172655C467265655254E0
:101BD0004F535C5372635C71756575652E630000CD
:101BE0004572726F723A25732C25640D0A0000004D
:101BF00004ED00E02DE9FF4782B0064688461D4609
:101C00004FF0000934462CB940F2B63264A16DA001
:101C1000F8F79EFFB8F1000F01D1206C08B9012040
:101C200000E0002028B940F2B7325DA165A0F8F7C6
:101C30008FFF022D02D1E06B012801D1012000E0CD
:101C4000002028B94FF46E7255A15EA0F8F780FF0E
:101C500000F062FB08B9049808B9012000E00020F8
:101C600028B940F2BB324EA156A0F8F771FF00BF71
:101C7000FFF7B4F9A06BE16B884201D3022D3ED18E
:101C8000D4F838A02A4641462046FCF73AFF0746DA
:101C9000A06C88B1022D02D1BAF1000F29D12046E3
:101CA000FDF7C4F928B34FF080504A490860BFF3EC
:101CB0004F8FBFF36F8F1CE0606A08B9012000E00E
:101CC000002068B904F1240000F03EFD88B14FF017
:101CD000805040490860BFF34F8FBFF36F8F08E01B
:101CE0003FB14FF080503B490860BFF34F8FBFF3C7
:101CF0006F8FFFF7B9F9012006B0BDE8F0870498AF
:101D000018B9FFF7B1F90020F6E7B9F1000F04D1D7
:101D10006846FFF705FC4FF00109FFF7A5F9FFF74B
:101D20007DFDFFF75BF994F94400401C10B90020D9
:101D300084F8440094F94500401C10B9002084F850
:101D40004500FFF791F904A9684600F071FAF8B967
:101D50002046FDF75CF9A8B104F110000499FFF7E3
:101D6000F1FB2046FDF78BFB00F09CFD00287FF483
:101D70007FAF4FF0805017490860BFF34F8FBFF31C
:101D80006F8F75E72046FDF77AFB00F08BFD6FE75C
:101D90002046FDF774FB00F085FD0020ACE7000055
:101DA0002E2E5C4D6964646C65776172655C467269
:101DB000656552544F535C5372635C71756575650C
:101DC0002E6300004572726F723A25732C25640DE4
:101DD0000A00000004ED00E02DE9F05F80460D46AA
:101DE00044462CB94FF4A8623AA143A0F8F7B0FEDC
:101DF000206C08B9012000E0002028B940F24452CC
:101E000034A13DA0F8F7A4FE206808B9A06808B97D
:101E1000012000E0002028B940F249522DA136A04F
:101E2000F8F796FEFFF7DEF900BF3021EFF31180DF
:101E300081F31188BFF34F8FBFF36F8F00BF06464A
:101E4000D4F838A0E06B50453BD994F945700AF1BD
:101E50000100A063781CD0B9A06C48B12046FDF702
:101E6000E5F800282AD0002D28D00120286025E0A0
:101E7000606A08B9012000E00020F8B904F12400EC
:101E800000F062FCD0B1CDB10120286016E000BFA7
:101E9000FFF768F883465F450FD27F2F01D00120FE
:101EA00000E0002028B940F2CB520AA112A0F8F7B6
:101EB0004FFE781C40B284F8450000BF4FF0010986
:101EC00001E04FF0000900BF86F3118800BF4846CB
:101ED000BDE8F09F2E2E5C4D6964646C657761727D
:101EE000655C4672656552544F535C5372635C7116
:101EF000756575652E6300004572726F723A2573C1
:101F00002C25640D0A0000002DE9F74183B0054639
:101F10000E464FF000082C462CB940F2E9524CA175
:101F200054A0F8F715FE0EB9206C08B9012000E0A6
:101F3000002028B940F2ED5245A14EA0F8F708FE66
:101F400000F0EAF908B9059808B9012000E000207E
:101F500028B940F2F2523EA146A0F8F7F9FD00BFC1
:101F6000FFF73CF8A76BF7B131462046FCF7B4FD0C
:101F7000781EA063206908B9012000E0002060B944
:101F800004F1100000F0E0FB38B14FF080503D4903
:101F90000860BFF34F8FBFF36F8FFFF765F8012025
:101FA00006B0BDE8F081059818B9FFF75DF800208C
:101FB000F6E7B8F1000F04D101A8FFF7B1FA4FF02E
:101FC0000108FFF751F8FFF729FCFFF707F894F92C
:101FD0004400401C10B9002084F8440094F94500E6
:101FE000401C10B9002084F84500FFF73DF805A912
:101FF00001A800F01DF9F0B92046FCF7FBFFA0B1E5
:1020000004F124000599FFF79DFA2046FDF737FA01
:1020100000F048FC0028A3D14FF080501949086017
:10202000BFF34F8FBFF36F8F9AE72046FDF727FA74
:1020300000F038FC94E72046FDF721FA00F032FC6E
:102040002046FCF7D7FF00288AD00020A8E7000030
:102050002E2E5C4D6964646C65776172655C4672B6
:10206000656552544F535C5372635C717565756559
:102070002E6300004572726F723A25732C25640D31
:102080000A00000004ED00E02DE9F34182B00546AE
:1020900000272C46B8462CB940F2826256A15FA0B8
:1020A000F8F756FD206C08B9012000E0002028B99F
:1020B00040F2866250A159A0F8F74AFD00F02CF9D1
:1020C00008B9039808B9012000E0002028B940F2BF
:1020D0008B6249A151A0F8F73BFD00BFFEF77EFFE0
:1020E000A66BFEB1701EA063206810B9FDF70CFB53
:1020F000A060206908B9012000E0002060B904F167
:10210000100000F021FB38B14FF0805047490860C3
:10211000BFF34F8FBFF36F8FFEF7A6FF012004B010
:10212000BDE8F081039818B9FEF79EFF0020F6E79E
:102130001FB96846FFF7F4F90127FEF795FFFFF78F
:102140006DFBFEF74BFF94F94400401C10B90020D2
:1021500084F8440094F94500401C10B9002084F82C
:102160004500FEF781FF03A9684600F061F840BB17
:102170002046FCF73FFFF0B1206838B9FEF72EFF8C
:10218000A06800F067FA8046FEF76EFF04F12400B5
:102190000399FFF7D7F92046FDF771F900F082FBAC
:1021A00000289BD14FF0805020490860BFF34F8F2B
:1021B000BFF36F8F92E72046FDF761F900F072FBE5
:1021C0008CE72046FDF75BF900F06CFB2046FCF73E
:1021D00011FF002882D0B8F1000F0BD0FEF7FEFEF1
:1021E0002046FCF737FD06463146A068FFF724FA83
:1021F000FEF73AFF002092E72E2E5C4D6964646C76
:1022000065776172655C4672656552544F535C53E5
:1022100072635C71756575652E6300004572726F3F
:10222000723A25732C25640D0A00000004ED00E0CD
:1022300070B505460C462DB941F2A55219A122A050
:10224000F8F786FC2CB941F2A65216A11EA0F8F7A9
:102250007FFCFEF7C3FE2048036868681A1A2068EE
:10226000401C08B9002619E01C4928680968884202
:1022700006D06868984203D80126002020600DE04F
:102280002068904207D92068801A20602846FFF70E
:1022900047F9002602E0002020600126FEF7E4FE58
:1022A000304670BD2E2E5C4D6964646C657761723A
:1022B000655C4672656552544F535C5372635C743F
:1022C00061736B732E6300004572726F723A2573EF
:1022D0002C25640D0A0000001400002028000020B6
:1022E0002DE9FC5F06460F4690469946DDE90CABAA
:1022F0004B46424639463046CDE900ABFCF774FC0C
:10230000054625B12846FCF715FB012401E04FF0F6
:10231000FF342046BDE8FC9F0549096809B9012042
:1023200005E00449096809B9022000E0002070476F
:102330001C0000203C000020014908687047000094
:10234000140000202DE9F0414FF0000863480068B8
:1023500000287CD162480068451C61480560002D5A
:102360001ED100BF5F480068006808B9012000E086
:10237000002028B941F25F225BA164A0F8F7E8FBD6
:102380005848076865480068564908606348076010
:1023900063480068401C62490860FCF7D9FF00BF31
:1023A0006048006885427ED300BF4E4800680068E0
:1023B00008B9012000E0002020B14FF0FF3059495A
:1023C00008606FE047480068C068C4686668B54246
:1023D00002D25448066065E000BF6069D4E9021289
:1023E0008A60D4E902214A60211D42688A4201D1F3
:1023F000E1684160002262610168491E016000BF1E
:10240000A06AA0B100BFA06AD4E907128A60D4E92B
:1024100007214A6004F1180142688A4201D1216A09
:1024200041600022A2620168491E016000BF00BF36
:1024300094F82C10012088403B49096808433A4928
:10244000086000BFE16A01EB8101384A00E03CE02E
:1024500002EB81014868A0608268E260211D826809
:1024600051608160E16A01EB8101304A02EB810237
:102470006261E16A01EB81012C4A52F82110491C8A
:10248000E26A02EB8202294B43F8221000BF00BF30
:102490002749E06A0968C96A884286D94FF001086D
:1024A00083E700E000BF22480068C06A00EB8000BC
:1024B0001E4951F82000012801D94FF001081D489C
:1024C000006808B14FF0010804E01B480068401C98
:1024D000194908604046BDE8F08100003C0000203A
:1024E00014000020040000202E2E5C4D6964646CF2
:1024F00065776172655C4672656552544F535C53F3
:1025000072635C7461736B732E6300004572726F4B
:10251000723A25732C25640D0A0000000800002083
:10252000280000203000002018000020CC040020EB
:1025300000000020240000202000002070B5054687
:102540002C460026002D62D032480068844201D11A
:10255000012000E0002028B941F628222EA137A052
:10256000F8F7F6FA206D28B941F629222AA133A0FE
:10257000F8F7EEFA206D401E2065E16CE06A8842B3
:1025800045D0206D002842D1201DFEF7D7FC40B970
:1025900094F82C10012088402C49096881432B486D
:1025A0000160E06CE062E06AC0F12000A06100BF61
:1025B00094F82C10012088402449096808432349D5
:1025C000086000BFE16A01EB8101214A02EB810151
:1025D0004868A0608268E260211D82685160816065
:1025E000E16A01EB81011A4A02EB81026261E16A50
:1025F00001EB8101164A52F82110491CE26A02EBF4
:102600008202134B43F8221000BF00BF0126304660
:1026100070BD0000000000202E2E5C4D6964646CCB
:1026200065776172655C4672656552544F535C53C1
:1026300072635C7461736B732E6300004572726F1A
:10264000723A25732C25640D0A0000001800002042
:10265000CC04002070B505462C460026002D6AD01B
:102660003649E06A0968C96A88425DD2A06900F00B
:10267000004028B931480068C06AC0F12000A0615C
:10268000E16A01EB81012E4A02EB81016069884217
:1026900001D1012000E0002000283FD0201DFEF7DE
:1026A0004DFC40B994F82C10012088402549096858
:1026B00081432448016021480068C06AE06200BF8D
:1026C00094F82C10012088401E49096808431D49D0
:1026D000086000BFE16A01EB8101194A02EB810148
:1026E0004868A0608268E260211D82685160816054
:1026F000E16A01EB8101124A02EB81026261E16A47
:1027000001EB81010E4A52F82110491CE26A02EBEA
:1027100082020B4B43F8221000BF03E00748006819
:10272000C06AE062012606E00449E06C0968C96AF3
:10273000884200D20126304670BD00000000002013
:10274000CC0400201800002070B50646F068C4686C
:102750002CB941F2F54240A148A0F8F7F9F900BFC1
:10276000A06AD4E907128A60D4E907214A6004F11B
:10277000180142688A4201D1216A41600022A262A6
:102780000168491E016000BF40480068002842D12E
:1027900000BF6069D4E902128A60D4E902214A606C
:1027A000211D42688A4201D1E168416000226261D4
:1027B0000168491E016000BF00BF94F82C10012081
:1027C00088403349096808433149086000BFE16A1D
:1027D00001EB81012F4A02EB81014868A060826809
:1027E000E260211D826851608160E16A01EB810134
:1027F000284A02EB81026261E16A01EB8101254A0C
:1028000052F82110491CE26A02EB8202214B43F884
:10281000221000BF11E000BF1F494868E0618268D4
:10282000226204F118018268516081601A4AA26232
:1028300011460968491C116000BF1849E06A09681F
:10284000C96A884204D9012501201549086000E0C1
:102850000025284670BD00002E2E5C4D6964646C16
:1028600065776172655C4672656552544F535C537F
:1028700072635C7461736B732E6300004572726FD8
:10288000723A25732C25640D0A0000003C000020DC
:1028900018000020CC040020740700200000002055
:1028A000240000202DE9F04100240027FEF796FBCC
:1028B00000255948006808B1012000E0002028B92F
:1028C00040F68B7255A15EA0F8F742F952480068B5
:1028D000401E514908600846006800287ED15C48C7
:1028E000006800287AD064E05A48C068C46800BF15
:1028F000A06AD4E907128A60D4E907214A6004F18A
:10290000180142688A4201D1216A41600022A26214
:102910000168491E016000BF00BF6069D4E902126E
:102920008A60D4E902214A60211D42688A4201D1AD
:10293000E1684160002262610168491E016000BFD8
:1029400000BF94F82C1001208840434909680843CF
:102950004149086000BFE16A01EB81013F4A02EB97
:1029600081014868A0608268E260211D8268516030
:102970008160E16A01EB8101384A02EB8102626108
:10298000E16A01EB8101354A52F82110491CE26AE3
:1029900002EB8202314B43F8221000BF00BF3049E6
:1029A000E06A0968C96A884203D901202D4941F8C3
:1029B00025002848006808B9012000E00020002810
:1029C00092D00CB1FCF7C4FC274806687EB100BF6A
:1029D000FFF7B8FC28B10120224900E017E041F8D8
:1029E0002500761E002EF3D100201F4908601D48E7
:1029F00050F8250058B1012700BF19480068380772
:102A00001A490860BFF34F8FBFF36F8F00BFFEF707
:102A10002BFB3846BDE8F0813C0000202E2E5C4D9B
:102A20006964646C65776172655C46726565525471
:102A30004F535C5372635C7461736B732E6300005D
:102A40004572726F723A25732C25640D0A000000DE
:102A5000100000207407002018000020CC04002083
:102A600000000020240000202000002004ED00E0F1
:102A70001CB50024FBF7DAFF0B48006858B10B487F
:102A80001F2100234FF48072CDE9001008A10A48ED
:102A9000FFF726FC04462CB94FF4A37207A110A03F
:102AA000F8F756F820461CBD480000204C000020D6
:102AB000546D72205376630065F400082E2E5C4D31
:102AC0006964646C65776172655C467265655254D1
:102AD0004F535C5372635C74696D6572732E63004F
:102AE0004572726F723A25732C25640D0A0000003E
:102AF00000000000000000000000000000000000D6
:102B00000000000080000000000100000004000040
:102B100020000000002000000000000000440040F1
:102B2000000002000048004000000400004C00408B
:102B300000000800005000400000100000080140A4
:102B400004000000000C01400800000000100140DB
:102B50001000000000140140200000000018014097
:102B600040000000001C01408000000000200140E7
:102B70000001000000000000000000000000000054
:102B800000000000000000008000000000000000C5
:102B90000000000000000000000000000000000035
:102BA0000000000000000000100000000000000015
:102BB0000000000080000000000000000000000095
:102BC00000000000000000000000000000180140AC
:102BD0001000480000000000CC2B0108000001009C
:102BE000001801400800480000000000E02B010828
:102BF0000000010000080140010028000000000062
:102C0000F42B010800010000000801400001180039
:102C100000000000000C014000201800000000002F
:102C200000080140040010030200000000080140F9
:102C300001002803000000000008014002002803F2
:102C400000000000000C0140000C14030100000013
:102C50000058004000000000442C01080000000063
:102C6000000C0140000C014000040008000C014071
:102C70000100100102000000000C0140C000100320
:102C8000010000000000000000000000782C010896
:102C900000000000000C0140000C014040008000DA
:102CA000C0460108000C01400200100301000000B2
:102CB000030009000F0015001B0060E00120030560
:102CC000350002081E08503C0F050000FF67500049
:102CD00000181A1E1489280A302EBB0A03000002AD
:102CE000331D000000000000003200002A1C5A942E
:102CF000C50207000000B51F00902800773200626F
:102D00003F00525000520000000000000000000090
:102D1000000000000000000000000000000F0F0392
:102D2000061042F80F14000000001A1816141210B2
:102D30000E0C0A0800000000000000000000000067
:102D4000000000000000000029282422201F1E1D72
:102D50000E0C0A080605040200FF00000000000037
:102D60000000000000FFFFFFFFFFFFFFFFFFFFFF6E
:102D7000FFFF5081588160816881708100010005EA
:102D80000010001400180000000000000000000007
:102D90000000000000003F400000000000000000B4
:102DA0003000400030004000000009000BC03D0032
:102DB0000BC03D00090018C024407FE02240318054
:102DC0000000180024C01B000D80324001800380E9
:102DD0001C4027401C80074000401000600000009D
:102DE0000000000000000000000000001F802040E4
:102DF00040200000402020401F800000000009000B
:102E000006001F80060009000000040004003F8047
:102E1000040004000000001000600000000000003A
:102E2000000004000400040004000400000000008E
:102E300000400000000000000000002001C006006B
:102E40003800400000001F802040204020401F80AC
:102E50000000000010403FC000400000000018C00B
:102E6000214022402440184000001080204024408F
:102E700024401B80000002000D0011003FC00140F3
:102E800000003C80244024402440238000001F8018
:102E9000244024403440038000003000200027C03C
:102EA0003800200000001B802440244024401B8068
:102EB00000001C0022C0224022401F8000000000B1
:102EC0000000084000000000000000000000046056
:102ED000000000000000000004000A001100208033
:102EE0004040090009000900090009000000000035
:102EF0004040208011000A000400180020002340F8
:102F00002400180000001F802040274029401F4057
:102F10000000004007C039000F0001C00040204001
:102F20003FC0244024401B8000001F8020402040E0
:102F300020403080000020403FC0204020401F80C3
:102F4000000020403FC024402E4030C00000204000
:102F50003FC024402E00300000000F0010802040B1
:102F600022403380020020403FC0040004003FC0E4
:102F70002040204020403FC0204020400000006012
:102F8000202020203FC02000200020403FC02440BF
:102F90000B0030C0204020403FC020400040004097
:102FA00000C03FC03C0003C03C003FC000002040C8
:102FB0003FC00C4023003FC020001F802040204025
:102FC00020401F80000020403FC024402400180003
:102FD00000001F802140214020E01FA00000204071
:102FE0003FC02440260019C0004018C0244024409F
:102FF000224031800000300020403FC0204030009F
:10300000000020003F80004000403F802000200062
:103010003E0001C0070038002000380007C03C0017
:1030200007C038000000204039C0060039C02040E9
:1030300000002000384007C0384020000000304029
:1030400021C02640384020C00000000000007FE082
:10305000402040200000000070000C000380004071
:1030600000000000402040207FE000000000000041
:1030700020004000200000000000001000100010A0
:1030800000100010001000000000400000000000D0
:103090000000000002800540054003C00040200001
:1030A0003FC004400440038000000000038004404F
:1030B00004400640000000000380044024403FC05C
:1030C0000040000003800540054003400000000070
:1030D00004401FC0244024402000000002E00550AE
:1030E00005500650042020403FC00440040003C0A7
:1030F00000400000044027C0004000000000001015
:103100000010041027E00000000020403FC00140F4
:10311000070004C00440204020403FC00040004061
:10312000000007C0040007C0040003C00000044002
:1031300007C00440040003C00040000003800440B6
:10314000044003800000041007F004500440038092
:103150000000000003800440045007F00010044009
:1031600007C00240040004000000000006400540C3
:10317000054004C00000000004001F80044000401F
:103180000000040007800040044007C00040040025
:10319000070004C0018006000400060001C007000B
:1031A00001C006000000044006C0010006C0044043
:1031B00000000410071004E0018006000400000075
:1031C000044005C006400440000000000000040068
:1031D0007BE040200000000000000000FFF0000045
:1031E0000000000040207BE00400000000004000E0
:1031F000800040002000200040000000000000008F
:1032000000000000000000000000000000000000BE
:103210001FCC000C0000000000000000080030007F
:1032200060000800300060000000022003FC1E2047
:10323000022003FC1E200220000000000E181104D2
:103240003FFF10840C78000000000F0010840F383E
:1032500000C0077818840078000000780F8410C43C
:1032600011240E9800E40084000808006800700033
:10327000000000000000000000000000000000004E
:1032800007E018182004400200000000400220045B
:10329000181807E000000000000002400240018012
:1032A0000FF001800240024000000080008000809A
:1032B0000FF800800080008000000001000D000E6B
:1032C00000000000000000000000000000800080FE
:1032D000008000800080008000800000000C000C56
:1032E00000000000000000000000000000060018C0
:1032F00000600180060018002000000007F00808A8
:1033000010041004080807F0000000000804080476
:103310001FFC000400040000000000000E0C10144C
:103320001024104411840E0C000000000C1810042E
:103330001104110412880C700000000000E003204A
:10334000042408241FFC0024000000001F9810849F
:1033500011041104108810700000000007F00888A4
:103360001104110418880070000000001C001000F7
:1033700010FC13001C001000000000000E38114467
:103380001084108411440E38000000000700088CDF
:1033900010441044088807F00000000000000000FE
:1033A000030C030C000000000000000000000001FE
:1033B0000106000000000000000000000080014045
:1033C000022004100808100400000220022002203D
:1033D0000220022002200220000000001004080841
:1033E0000410022001400080000000000E001200C6
:1033F000100C106C10800F00000003E00C1813E498
:10340000142417C4082807D000000004003C03C49B
:103410001C40074000E4001C000410041FFC1104C1
:10342000110411040E880070000003E00C18100451
:103430001004100410081C10000010041FFC1004DD
:1034400010041004080807F0000010041FFC110409
:10345000110417C410040818000010041FFC110404
:10346000110017C010000800000003E00C18100441
:10347000100410441C780040000010041FFC10844D
:103480000080008010841FFC100400001004100451
:103490001FFC1004100400000000000300011001D4
:1034A00010011FFE10001000000010041FFC11048A
:1034B00003801464181C1004000010041FFC100486
:1034C000000400040004000C000010041FFC1F0096
:1034D00000FC1F001FFC1004000010041FFC0C0463
:1034E000030000E010181FFC100007F0080810048B
:1034F00010041004080807F0000010041FFC1084DA
:103500001080108010800F00000007F008181024B1
:103510001024101C080A07F2000010041FFC1104FC
:10352000110011C011300E0C000400000E1C11041B
:103530001084108410441C3800001800100010047F
:103540001FFC100410001800000010001FF81004E9
:103550000004000410041FF8100010001E0011E009
:10356000001C007013801C0010001FC0103C00E005
:103570001F0000E0103C1FC000001004180C16349F
:1035800001C001C01634180C100410001C001304F4
:1035900000FC13041C00100000000804101C106440
:1035A000108413041C041018000000000000000028
:1035B0007FFE4002400240020000000030000C008C
:1035C00003800060001C0003000000004002400275
:1035D00040027FFE0000000000000000000020000C
:1035E00040004000400020000000000100010001F8
:1035F0000001000100010001000100004000400046
:1036000020000000000000000000000000980124DD
:1036100001440144014400FC000410001FFC008828
:1036200001040104008800700000000000700088A0
:1036300001040104010400880000000000700088FB
:103640000104010411081FFC0004000000F80144FB
:1036500001440144014400C80000000001040104C9
:103660000FFC1104110411001800000000D60129FC
:103670000129012901C90106000010041FFC008472
:1036800001000100010400FC000400000104190411
:1036900019FC000400040000000000000003000109
:1036A0000101190119FE0000000010041FFC002494
:1036B000004001B4010C01040000000010041004DB
:1036C0001FFC0004000400000000010401FC0104D0
:1036D000010001FC0104010000FC010401FC008464
:1036E00001000100010400FC0004000000F80104D6
:1036F00001040104010400F80000010101FF00853C
:1037000001040104008800700000000000700088BF
:1037100001040104010501FF00010104010401FC91
:1037200000840104010001800000000000CC01249D
:10373000012401240124019800000000010001007F
:1037400007F80104010400000000010001F8000472
:1037500000040004010801FC000401000180017064
:10376000000C001001600180010001F0010C00302C
:1037700001C00030010C01F0010000000104018CC7
:1037800000740170018C01040000010101810171CC
:10379000000E001801600180010000000184010C8E
:1037A000013401440184010C00000000000000000D
:1037B000000001003EFC400240020000000000004A
:1037C0000000FFFF00000000000000004002400277
:1037D0003EFC0100000000000000000060008000CE
:1037E0008000400040002000200000000000000099
:1037F00000000000000000000000000000000000C9
:1038000000000000000000000000000000000000B8
:10381000000000000000000000000000000F8038E1
:103820000FFE380F8038000000000000000000008C
:1038300000000000000000000100000600000C0075
:10384000003800003100000600000C0000380000C5
:103850003000000000000000000061800067F807F1
:10386000F9800061800061800061800061800067F4
:10387000F807F980006180000000000000000000EF
:1038800001C0E003E0F00630080418081FFFFE0442
:103890000E080787F00381E000000000000001F03F
:1038A00000060C00040408060C7001F9C0000E00AC
:1038B000003BE000EC18070808040C180003E000C7
:1038C00000000001E00007F003F818041C080417CA
:1038D0000807E1D003C0E00023B0003C0800200846
:1038E0000000100000000000000100003100003264
:1038F00000001C00000000000000000000000000AC
:1039000000000000000000000000000000000000B7
:10391000000000000000000000007F0001FFC00761
:1039200080F00C00181000042000020000000000CD
:10393000002000021000040C00180780F001FFC0F6
:10394000007F0000000000000000000000000000F8
:103950000000000000004200006600006600003C1D
:103960000000180003FFC0001800003C00006600C3
:10397000006600004200000000000800000800008F
:10398000080000080000080001FFC000080000084F
:10399000000008000008000008000000000000010E
:1039A00000003100003200001C0000000000000098
:1039B0000000000000000000000000000000000007
:1039C00000000800000800000800000800000800CF
:1039D00000080000080000080000080000080000BF
:1039E0000000000000000000000038000038000067
:1039F000380000000000000000000000000000008F
:103A000000000000000000000000000600001C0094
:103A10000070000180000E0000380000C0000700A8
:103A2000001C0000300000000000000000007F804B
:103A300001FFE00380700600180400080400080677
:103A4000001803807001FFE0007F8000000000008C
:103A50000000000001000801000801000803FFF851
:103A600007FFF80000080000080000080000000040
:103A7000000000000001C03802C058040098040192
:103A800018040218040418061C1803F81801E0F8BA
:103A900000000000000000000001C0E003C0F004CE
:103AA000000804080804080806180803F41801E7C9
:103AB000F00001E000000000000000000000030032
:103AC000000D0000110000610000810803010807DB
:103AD000FFF80FFFF80001080001080000000000D7
:103AE000000000E007FCD0060808061008061008D1
:103AF000061008061838060FF00607C00000000080
:103B00000000000000003F8001FFE0038430020855
:103B100018041008041008041008071810030FF008
:103B20000007C000000000000000000003C0000704
:103B300000000600000600F80607F806180006E078
:103B40000007000006000000000000000001E1E0A6
:103B500003F7F0063410041808041808040C0804CD
:103B60000C0806161803F3F001C1E0000000000085
:103B70000000F80003FC30030638040208040208C1
:103B80000402080404100308F001FFC0007F0000D5
:103B90000000000000000000000000000000000025
:103BA000000070380070380070380000000000001D
:103BB0000000000000000000000000000000000005
:103BC000000000000000301A00301C00000000005F
:103BD00000000000000000000000000000000000E5
:103BE0000008000014000022000041000080800155
:103BF000004002002004001008000800000000003F
:103C0000000021000021000021000021000021000F
:103C100000210000210000210000210000210000FF
:103C2000000000000000000008000804001002006E
:103C300020010040008080004100002200001400AC
:103C400000080000000000000003C00004C00004E1
:103C50000000080038080F380808380810000C3039
:103C60000007E00003C000000000000000003F80EB
:103C700000FFE0038070020F1006708804C0880403
:103C80008308047F8802C09003012000FE400000EA
:103C9000080000180001F8003E0801C200070200F9
:103CA00007E20000FE00001FC80001F80000380015
:103CB000000804000807FFF807FFF80408080408D4
:103CC0000804080804080806180803F41801E7F0B7
:103CD0000001E0000000000000003F8001FFE00361
:103CE00080700200180400080400080400080400A2
:103CF000100600200780C000000004000807FFF83D
:103D000007FFF80400080400080400080400180273
:103D1000001003807001FFE0007F800000000400BD
:103D20000807FFF807FFF804080804080804080853
:103D3000040808043E08040008060018010060009A
:103D4000000004000807FFF807FFF804080804084B
:103D500000040800040800043E00060000060000FD
:103D6000018000000000000000003F8001FFE00330
:103D70008070060018040008040208040208020308
:103D8000F00783F000020000020004000807FFF8BB
:103D900007FFF804080800080000080000080000F9
:103DA000080004080807FFF807FFF80400080000EF
:103DB0000000000004000804000804000807FFF8E1
:103DC00007FFF804000804000804000800000000D1
:103DD00000000000000000060000070000010400D1
:103DE0000104000104000307FFFE07FFFC040000BC
:103DF00004000004000004000807FFF807FFF804AF
:103E00000C08001800003E0004C7800503C8060027
:103E1000F804003804001800000804000807FFF840
:103E200007FFF80400080000080000080000080070
:103E300000080000080000180000600000000400F6
:103E40000807FFF807800807FC00007FC00003F8A0
:103E50000007C000780007800807FFF807FFF80494
:103E6000000804000807FFF807000803C00000E08E
:103E700000003800001E000007000001C00400F030
:103E800007FFF8040000000000007F8001FFE0034E
:103E900080700600180400080400080600180300DB
:103EA0003001FFE0007F8000000004000807FFF8F9
:103EB00007FFF804040804040004040004040004D8
:103EC0000400060C0003F80001F0000000000000F0
:103ED00000007F8001FFE0038070060088040088F6
:103EE0000400C806003C03003E01FFE6007F84009A
:103EF000000004000807FFF807FFF804080804089A
:103F000000040C00040F00040BC00610F003F0388E
:103F100001E00800000800000001E0F803F03006AE
:103F20003010041808041808040C08040C080206D1
:103F3000180207F00781E000000001800006000081
:103F400004000004000004000807FFF807FFF8045D
:103F500000080400000400000600000180000400C6
:103F60000007FFE007FFF004001800000800000849
:103F700000000800000800000804001007FFE0042B
:103F8000000004000006000007E00007FE00041F18
:103F9000E00001F80000380001E0043E0007C00026
:103FA00006000004000004000007E00007FFC00452
:103FB0001FF80007C007F80007FF80043FF800075C
:103FC000C004F8000700000400000000000400081E
:103FD00006001807C07805F1C8003E00001F8004E5
:103FE00063E80780F80600180400080000000400D9
:103FF0000006000007800007E008047C08001FF8A6
:104000000007F800180804E0080700000600000494
:1040100000000000000100080600380400F8040356
:10402000E8040F08047C0805F00807C0080700181A
:10403000040060000000000000000000000000001C
:1040400000000000003FFFFE2000022000022000D0
:10405000022000022000020000000000000000001A
:1040600008000007000000C0000038000006000043
:1040700001C000003000000E000001000000000040
:1040800000000000200002200002200002200002A8
:104090002000023FFFFE00000000000000000000C2
:1040A00000000000000000000000000800001000F8
:1040B0000030000020000030000010000008000068
:1040C00000000000000000000100000100000100ED
:1040D00000010000010000010000010000010000DB
:1040E00001000001000001000001000000000000CC
:1040F0000000002000002000001000001000000060
:1041000000000000000000000000000000000000AF
:10411000000000F00019F8001B1800220800260813
:10412000002408002410003FF8001FF800000800D9
:10413000001800000004000007FFF80FFFF000184F
:1041400018001008002008002008003018001FF098
:10415000000FC00000000000000007C0001FF000BA
:104160001830002008002008002008003C08001C2F
:10417000100000600000000000000000000007C008
:10418000001FF00038180020080020080020080454
:10419000101007FFF80FFFF00000100000000000F3
:1041A000000000000007C0001FF0001230002218BD
:1041B000002208002208003208001E10000E200015
:1041C000000000000000200000200800200801FF7F
:1041D000F803FFF806200804200804200807200040
:1041E00003000000000000000000000E000E6E0042
:1041F0001FF30031B10020B10020B1003191001F48
:1042000013002E1E00200E003000000000040008E5
:1042100007FFF80FFFF80010080020000020000042
:104220002008003FF8001FF8000008000000000010
:1042300000000000002008002008002008063FF8C9
:10424000063FF80000080000080000080000000019
:104250000000000000000000000003000003002038
:1042600001002001002003063FFE063FFC00000085
:1042700000000000000000000004000807FFF80F25
:10428000FFF8000188000300002FC00038F800206C
:1042900038002008000008000000000000000000B6
:1042A00004000804000804000807FFF80FFFF800E6
:1042B00000080000080000080000000000000020C6
:1042C00008003FF8003FF8001008002000003FF809
:1042D000003FF8001008002000003FF8003FF80001
:1042E0000008000000002008003FF8003FF8001020
:1042F00008001000002000002008003FF8001FF810
:104300000000080000000000000007C0000FF000DF
:10431000183000300800200800200800300800187D
:1043200030000FF00007C000000000000000200176
:10433000003FFF003FFF001011002009002008008F
:104340002008003038001FF0000FC00000000000FF
:10435000000007C0001FF0003818002008002008E7
:10436000002009001011001FFF003FFF00000100A6
:104370000000002008002008002008003FF8003F4F
:10438000F800080800100800200800200000300095
:10439000003000000000000000000000000C780069
:1043A0001E1800330800230800210800218800217E
:1043B000980030F00038600000000000000020008D
:1043C00000200000200000FFF003FFF8002008009C
:1043D000200800200800003000000000000000005D
:1043E00000002000003FF0007FF8000018000008E7
:1043F000000008002010003FF8007FF000001000CF
:104400000000000000002000003000003C00003FE1
:10441000800023F0000078000070002380003C0042
:10442000003000002000002000003C00003FE000C1
:1044300023F80000E0002700003E00003FE00021DC
:10444000F80001E0003E000020000000000020080D
:10445000002008003838003E680027800003C800AC
:104460002CF8003838002018002008000000000058
:1044700000002000003003003C01003F830023ECDB
:10448000000070002380003C00002000002000009D
:104490000000000000000000003808002038002064
:1044A000F80023E8002F88003E0800380800201894
:1044B000000070000000000000000000000000008C
:1044C00000000000000008000014001FF7FC30008E
:1044D00006200002000000000000000000000000B4
:1044E000000000000000000000000000FFFFFF00CF
:1044F00000000000000000000000000000000000BC
:10450000000000002000023000061FF7FC0014002D
:104510000008000000000000000000000000000093
:104520000000000000180000600000400000400093
:10453000002000001000000800000400000400003B
:104540000C000010000000000C601EF03FF87FFC23
:104550007FFCFFFEFFFEFFFE7FFC3FF81FF00FE039
:1045600007C0038000000000000C014000011003A0
:10457000020000003C4701080000000025BC0008C4
:104580000000000055BC0008000000000000000012
:1045900000000000444701080400000085D900081D
:1045A00000000000A5D90008000000000000000085
:1045B000000000004C4701080000000061D3000823
:1045C00051D3000871D300089FD30008B5D3000869
:1045D000C3D30008B8000020F401F4010600000075
:1045E000584701080100000061D3000851D30008BA
:1045F00071D300089FD30008B5D30008C3D30008C7
:10460000C0000020F401F401060000006447010826
:104610000200000061D3000851D3000871D30008E4
:104620009FD30008B5D30008C3D3000800000000E2
:10463000000000000000F03F000000000000F83F14
:1046400000000000000000000000004003B8E23F4E
:10465000000000000000000006D0CF43EBFD4C3E00
:10466000033333333333E33FFFAB6FDBB66DDB3FF5
:104670004D268F515555D53F01411DA96074D13F3D
:1046800065DBC9934A86CD3FEF4E454A287ECA3F37
:104690003E5555555555C53F93BDBE166CC166BFB9
:1046A0002CDE25AF6A56113FF16BD2C541BDBBBEB2
:1046B000D0A4BE726937663E000000000000000012
:1046C000506C65617365207573652074686520732F
:1046D00074796C757320636C69636B2074686520F2
:1046E00063726F7373206F6E2074686520736372DA
:1046F00065656E2E5468652063726F7373207769E9
:104700006C6C20616C77617973206D6F76652075B4
:104710006E74696C207468652073637265656E20C1
:1047200061646A7573746D656E7420697320636F5C
:104730006D706C657465642E000000004148543251
:10474000300000004D512D3200000000757365727D
:104750004B65793000000000757365724B657931E7
:1047600000000000776B75704B6579004175746FC0
:10477000202020004C4F572000000000436F6F6B3B
:10478000696E6720000000004D616E75616C20004D
:10479000537461727475702000000000416E74697A
:1047A0002D424600484947480000000044656C61BE
:1047B000794F6666000000005374616E6462790090
:1047C000E0470108000000208C040000100C0008E5
:1047D000344901088C04002044300000F0AC00088B
:1047E000013802371F1AAA01C12D01020304047007
:1047F0000A06070809020406080413E1D616081C75
:104800001E2534150C014020441003018A180C2287
:10481000A042201AAC08391C811208C2406B3F38F4
:1048200052810215058926E920620E4E24014018A6
:1048300001740189CA30907A28A043FFFF100B95BC
:10484000050108D10701089DF902280863D0903CB2
:104850006845013413FBC11B08DD041ABF04132F84
:10486000C21B0825081A7104011033184873C201CD
:10487000591F124C14403C021B204C04C1B2382377
:1048800020032302045A74701A802CDA7430011841
:104890005AC0F069441A94441907111AC4400A25F1
:1048A000BC441AD43432142358021A2CBF1AF4040C
:1048B0001408030A5AB4901304034C20D82B0C019B
:1048C000141B59D2ED1924C11943214A46582950C5
:1048D0002958296029581AE05829201A5C340A1DE1
:1048E000EC580A125858011019541A0C6C195F111F
:1048F0002AB0300A1D2CACF1A95429B04BE803B002
:1049000029041A035C01301EB847010888041A6C98
:10491000041A9C041A74041AA4041A90041A7C043D
:104920001AAC04117CA24A04804008020304060762
:044930000809000072
:0400000508000131BD
:00000001FF
